dataset,model,mode,alpha,metric,mean,std,ci_lower,ci_upper,n
E-c,Emobloom-7b,global,0.1,coverage,0.9146005240045886,0.015248588293806735,0.903692341062041,0.9255087069471362,10
E-c,Emobloom-7b,global,0.2,coverage,0.817813373466449,0.016658559514063503,0.8058965578742459,0.8297301890586521,10
E-c,Emobloom-7b,global,0.3,coverage,0.726423314201163,0.018175739434288875,0.7134211734753999,0.7394254549269261,10
E-c,Emobloom-7b,global,0.4,coverage,0.6403973666989827,0.016407844707828443,0.6286599016748534,0.652134831723112,10
E-c,Emobloom-7b,global,0.5,coverage,0.5353301590977607,0.0297078832750096,0.5140784196346871,0.5565818985608343,10
E-c,Emobloom-7b,global,0.6,coverage,0.4007602597618024,0.015909388065826265,0.3893793691388651,0.4121411503847397,10
E-c,Emobloom-7b,global,0.7,coverage,0.3007670887261093,0.018093357392331796,0.2878238805629896,0.313710296889229,10
E-c,Emobloom-7b,global,0.8,coverage,0.20922199953812487,0.019684177053168432,0.1951407875444436,0.22330321153180613,10
E-c,Emobloom-7b,global,0.9,coverage,0.1135223848794863,0.017192576875059443,0.10122355628017708,0.1258212134787955,10
E-c,Emobloom-7b,hybrid,0.1,coverage,0.9348690519038823,0.011685330604354074,0.9265098699573007,0.9432282338504638,10
E-c,Emobloom-7b,hybrid,0.2,coverage,0.8513051046484466,0.018699278077288668,0.8379284469388617,0.8646817623580314,10
E-c,Emobloom-7b,hybrid,0.3,coverage,0.7728192512502345,0.01747957327658341,0.7603151177931013,0.7853233847073677,10
E-c,Emobloom-7b,hybrid,0.4,coverage,0.688479470665043,0.014474473411963885,0.67812505614925,0.698833885180836,10
E-c,Emobloom-7b,hybrid,0.5,coverage,0.5835465031495012,0.017990919645363493,0.5706765745361091,0.5964164317628933,10
E-c,Emobloom-7b,hybrid,0.6,coverage,0.4698860224927284,0.022321198787607924,0.4539183987900745,0.48585364619538224,10
E-c,Emobloom-7b,hybrid,0.7,coverage,0.3600681769135401,0.020000078650427466,0.34576098253064685,0.37437537129643333,10
E-c,Emobloom-7b,hybrid,0.8,coverage,0.24209905219683497,0.02719752163029165,0.2226431172728386,0.26155498712083136,10
E-c,Emobloom-7b,hybrid,0.9,coverage,0.14654196479736747,0.027104127867514826,0.12715283974654973,0.16593108984818522,10
E-c,Emobloom-7b,mondrian,0.1,coverage,0.9430099176841418,0.0112815191584539,0.934939605044102,0.9510802303241815,10
E-c,Emobloom-7b,mondrian,0.2,coverage,0.8694308703922726,0.01829333989195631,0.8563446033669697,0.8825171374175755,10
E-c,Emobloom-7b,mondrian,0.3,coverage,0.7995469514832302,0.019100428597882732,0.7858833279783976,0.8132105749880628,10
E-c,Emobloom-7b,mondrian,0.4,coverage,0.7204310954694457,0.013807835283072306,0.7105535651429505,0.7303086257959409,10
E-c,Emobloom-7b,mondrian,0.5,coverage,0.6248756630579441,0.018016706820158313,0.6119872874109766,0.6377640387049115,10
E-c,Emobloom-7b,mondrian,0.6,coverage,0.4989249519149098,0.022579274420159515,0.48277271202624283,0.5150771918035768,10
E-c,Emobloom-7b,mondrian,0.7,coverage,0.37450754158897975,0.017347231394704375,0.36209807981100023,0.3869170033669593,10
E-c,Emobloom-7b,mondrian,0.8,coverage,0.25668802077411645,0.024388445358122096,0.23924157796086454,0.27413446358736837,10
E-c,Emobloom-7b,mondrian,0.9,coverage,0.14623379984071086,0.029423066490246626,0.12518580603155882,0.1672817936498629,10
E-c,Emollama-7b,global,0.1,coverage,0.9117536437109454,0.016436643322627568,0.8999955773988366,0.9235117100230541,10
E-c,Emollama-7b,global,0.2,coverage,0.8032837184359607,0.016079982920766345,0.7917807916054159,0.8147866452665055,10
E-c,Emollama-7b,global,0.3,coverage,0.7116614740600795,0.01992791982987054,0.6974058989877996,0.7259170491323594,10
E-c,Emollama-7b,global,0.4,coverage,0.6139084859679407,0.02206996968232779,0.5981205807407342,0.6296963911951472,10
E-c,Emollama-7b,global,0.5,coverage,0.510495457838446,0.024222665107780577,0.49316760707215235,0.5278233086047396,10
E-c,Emollama-7b,global,0.6,coverage,0.40969190844531383,0.025957455817711715,0.39112306316422657,0.4282607537264011,10
E-c,Emollama-7b,global,0.7,coverage,0.31562648858726966,0.02879862364823919,0.29502519427754265,0.3362277828969967,10
E-c,Emollama-7b,global,0.8,coverage,0.21175098177938514,0.030396028940955045,0.1900069725618515,0.23349499099691878,10
E-c,Emollama-7b,global,0.9,coverage,0.12916677797134085,0.022217273737110185,0.1132734977712657,0.14506005817141598,10
E-c,Emollama-7b,hybrid,0.1,coverage,0.9309021758696403,0.012452778298021652,0.9219939949154088,0.9398103568238718,10
E-c,Emollama-7b,hybrid,0.2,coverage,0.8443441112481596,0.016960341835402164,0.8322114135882817,0.8564768089080375,10
E-c,Emollama-7b,hybrid,0.3,coverage,0.7583901398475944,0.018838924825458233,0.7449135848723076,0.7718666948228812,10
E-c,Emollama-7b,hybrid,0.4,coverage,0.6774923537477145,0.02173671673263986,0.6619428433195084,0.6930418641759207,10
E-c,Emollama-7b,hybrid,0.5,coverage,0.5805076525733808,0.023012547717132247,0.564045467639544,0.5969698375072175,10
E-c,Emollama-7b,hybrid,0.6,coverage,0.47832561120625716,0.02350818324347435,0.46150886997579843,0.4951423524367159,10
E-c,Emollama-7b,hybrid,0.7,coverage,0.38074033995571976,0.0316077341806558,0.35812952902694395,0.4033511508844956,10
E-c,Emollama-7b,hybrid,0.8,coverage,0.26262405167515596,0.04240288000278744,0.2322908586313671,0.29295724471894485,10
E-c,Emollama-7b,hybrid,0.9,coverage,0.15260862293510707,0.023835791470242985,0.1355575248971708,0.16965972097304335,10
E-c,Emollama-7b,mondrian,0.1,coverage,0.9428515119590865,0.011004544112843276,0.9349793353307106,0.9507236885874623,10
E-c,Emollama-7b,mondrian,0.2,coverage,0.8679400336308245,0.0177179679492856,0.855265362898223,0.880614704363426,10
E-c,Emollama-7b,mondrian,0.3,coverage,0.7924023606173597,0.01923323047526133,0.7786437363724161,0.8061609848623033,10
E-c,Emollama-7b,mondrian,0.4,coverage,0.7127358040936136,0.021001192394096608,0.6977124560805068,0.7277591521067204,10
E-c,Emollama-7b,mondrian,0.5,coverage,0.6146739522052173,0.02277369890298506,0.5983826294200678,0.6309652749903667,10
E-c,Emollama-7b,mondrian,0.6,coverage,0.500083624987659,0.023271015896174137,0.48343654305696643,0.5167307069183517,10
E-c,Emollama-7b,mondrian,0.7,coverage,0.3934572532829251,0.03222888287544244,0.37040209934568796,0.4165124072201622,10
E-c,Emollama-7b,mondrian,0.8,coverage,0.2739591840383858,0.0342708347658697,0.24944330571463563,0.298475062362136,10
E-c,Emollama-7b,mondrian,0.9,coverage,0.1523037563657073,0.02576420634598528,0.13387315342879813,0.1707343593026165,10
E-c,Emollama-chat-13b,global,0.1,coverage,0.9140510057403771,0.011731866430493055,0.9056585340691912,0.9224434774115631,10
E-c,Emollama-chat-13b,global,0.2,coverage,0.8120108700758181,0.015903073945564915,0.800634496302415,0.8233872438492211,10
E-c,Emollama-chat-13b,global,0.3,coverage,0.7121193829329475,0.022754374139855007,0.6958418842505597,0.7283968816153353,10
E-c,Emollama-chat-13b,global,0.4,coverage,0.6108475276919174,0.027150061906525674,0.5914255434090733,0.6302695119747616,10
E-c,Emollama-chat-13b,global,0.5,coverage,0.5117259651067748,0.031119763121706025,0.48946422764494113,0.5339877025686085,10
E-c,Emollama-chat-13b,global,0.6,coverage,0.41045293548417405,0.028828526729277347,0.38983024979891606,0.43107562116943204,10
E-c,Emollama-chat-13b,global,0.7,coverage,0.3108686665601894,0.026246767693683132,0.2920928600306415,0.3296444730897373,10
E-c,Emollama-chat-13b,global,0.8,coverage,0.20791110401262697,0.02090284540742707,0.19295810919561734,0.2228640988296366,10
E-c,Emollama-chat-13b,global,0.9,coverage,0.12961978222268153,0.01730853520649149,0.11723800203017552,0.14200156241518752,10
E-c,Emollama-chat-13b,hybrid,0.1,coverage,0.9387193603848214,0.009905701937855347,0.9316332480949145,0.9458054726747283,10
E-c,Emollama-chat-13b,hybrid,0.2,coverage,0.8559813602157103,0.018368829063411477,0.8428410914902795,0.869121628941141,10
E-c,Emollama-chat-13b,hybrid,0.3,coverage,0.7724835351703793,0.021579403560975038,0.7570465598059264,0.7879205105348321,10
E-c,Emollama-chat-13b,hybrid,0.4,coverage,0.672437029660181,0.02417433603401725,0.655143751430564,0.689730307889798,10
E-c,Emollama-chat-13b,hybrid,0.5,coverage,0.5860283824537997,0.02768690253446817,0.5662223655203419,0.6058343993872576,10
E-c,Emollama-chat-13b,hybrid,0.6,coverage,0.4913476263399693,0.029385737161008025,0.470326336324284,0.5123689163556546,10
E-c,Emollama-chat-13b,hybrid,0.7,coverage,0.3857871644791852,0.03369197007023057,0.36168538101309333,0.4098889479452771,10
E-c,Emollama-chat-13b,hybrid,0.8,coverage,0.25877521397232217,0.024405884429313726,0.2413162959990593,0.27623413194558505,10
E-c,Emollama-chat-13b,hybrid,0.9,coverage,0.15137097304559416,0.0190146116630774,0.13776873927772532,0.164973206813463,10
E-c,Emollama-chat-13b,mondrian,0.1,coverage,0.9476044964721577,0.00993613907553252,0.940496610765615,0.9547123821787005,10
E-c,Emollama-chat-13b,mondrian,0.2,coverage,0.8760531853925722,0.014469870180002578,0.8657020638305526,0.8864043069545917,10
E-c,Emollama-chat-13b,mondrian,0.3,coverage,0.8002139723221751,0.018738351885374732,0.7868093628941326,0.8136185817502175,10
E-c,Emollama-chat-13b,mondrian,0.4,coverage,0.707217044504364,0.022942610331890715,0.6908048897620465,0.7236291992466815,10
E-c,Emollama-chat-13b,mondrian,0.5,coverage,0.6134532455209086,0.026540801973326186,0.5944670995388208,0.6324393915029964,10
E-c,Emollama-chat-13b,mondrian,0.6,coverage,0.51126537265476,0.029694065646759568,0.49002351772747943,0.5325072275820406,10
E-c,Emollama-chat-13b,mondrian,0.7,coverage,0.3951312488843376,0.03639733940973905,0.3690941607779792,0.421168336990696,10
E-c,Emollama-chat-13b,mondrian,0.8,coverage,0.2616867407623145,0.024565343192835574,0.24411375286134593,0.2792597286632831,10
E-c,Emollama-chat-13b,mondrian,0.9,coverage,0.15137073816928007,0.017616979738101713,0.13876831005097234,0.1639731662875878,10
E-c,Emollama-chat-7b,global,0.1,coverage,0.9083368620333789,0.014533408176734049,0.8979402881266049,0.918733435940153,10
E-c,Emollama-chat-7b,global,0.2,coverage,0.8089751962140396,0.018710323135825185,0.7955906373455536,0.8223597550825256,10
E-c,Emollama-chat-7b,global,0.3,coverage,0.7165323782515169,0.025727303306601817,0.6981281741586827,0.7349365823443512,10
E-c,Emollama-chat-7b,global,0.4,coverage,0.6146890376632203,0.023212971089875238,0.5980834784855703,0.6312945968408702,10
E-c,Emollama-chat-7b,global,0.5,coverage,0.5190021500824962,0.018877908408071607,0.5054977079321668,0.5325065922328256,10
E-c,Emollama-chat-7b,global,0.6,coverage,0.4225491046439635,0.0168913119442059,0.4104657879934725,0.4346324212944545,10
E-c,Emollama-chat-7b,global,0.7,coverage,0.30873219881465636,0.01300757323767242,0.2994271414689383,0.3180372561603744,10
E-c,Emollama-chat-7b,global,0.8,coverage,0.20705759489550682,0.014892237047415052,0.19640433027802306,0.21771085951299057,10
E-c,Emollama-chat-7b,global,0.9,coverage,0.12014733477403974,0.015790010514147794,0.10885184170711562,0.13144282784096387,10
E-c,Emollama-chat-7b,hybrid,0.1,coverage,0.9315644247094472,0.012792107041233566,0.9224135025953587,0.9407153468235357,10
E-c,Emollama-chat-7b,hybrid,0.2,coverage,0.8460452007603921,0.01866999615432611,0.8326894900766192,0.8594009114441651,10
E-c,Emollama-chat-7b,hybrid,0.3,coverage,0.7629844532552663,0.028076116335978157,0.7429000095409923,0.7830688969695403,10
E-c,Emollama-chat-7b,hybrid,0.4,coverage,0.6703797308282355,0.025002486308343706,0.6524940295806829,0.6882654320757882,10
E-c,Emollama-chat-7b,hybrid,0.5,coverage,0.580690502589037,0.022149541034079942,0.5648456754458357,0.5965353297322382,10
E-c,Emollama-chat-7b,hybrid,0.6,coverage,0.48701122177981987,0.02171968108438432,0.47147389792024125,0.5025485456393985,10
E-c,Emollama-chat-7b,hybrid,0.7,coverage,0.3808591918818651,0.01976195937690051,0.3667223377657383,0.39499604599799193,10
E-c,Emollama-chat-7b,hybrid,0.8,coverage,0.24227812025882703,0.017502752814434596,0.2297574051592144,0.25479883535843967,10
E-c,Emollama-chat-7b,hybrid,0.9,coverage,0.15091577541084183,0.020018797322761368,0.1365951904964236,0.16523636032526007,10
E-c,Emollama-chat-7b,mondrian,0.1,coverage,0.9407921567006241,0.010287963411693912,0.9334325910255135,0.9481517223757348,10
E-c,Emollama-chat-7b,mondrian,0.2,coverage,0.8649605605633781,0.018099560159094422,0.8520129152082185,0.8779082059185377,10
E-c,Emollama-chat-7b,mondrian,0.3,coverage,0.7914392577782061,0.025994837089649187,0.7728436715460837,0.8100348440103285,10
E-c,Emollama-chat-7b,mondrian,0.4,coverage,0.7034525574179272,0.023799285042891707,0.6864275745049097,0.7204775403309448,10
E-c,Emollama-chat-7b,mondrian,0.5,coverage,0.6100731279934359,0.02271792517070428,0.5938217033328463,0.6263245526540255,10
E-c,Emollama-chat-7b,mondrian,0.6,coverage,0.5128539560397376,0.023007723489222025,0.49639522215065246,0.5293126899288227,10
E-c,Emollama-chat-7b,mondrian,0.7,coverage,0.39331274556463763,0.019224707051426957,0.3795602186097966,0.40706527251947866,10
E-c,Emollama-chat-7b,mondrian,0.8,coverage,0.2595054146219008,0.019524778219233468,0.24553822968488143,0.27347259955892017,10
E-c,Emollama-chat-7b,mondrian,0.9,coverage,0.14983600479434805,0.020104401855792767,0.1354541820860419,0.1642178275026542,10
E-c,Emoopt-13b,global,0.1,coverage,0.9113992521538158,0.021242265705801667,0.8962034506823313,0.9265950536253003,10
E-c,Emoopt-13b,global,0.2,coverage,0.8107014346245267,0.01573391960154808,0.799446066579294,0.8219568026697595,10
E-c,Emoopt-13b,global,0.3,coverage,0.7090737417675852,0.018380649051592923,0.6959250175319802,0.7222224660031902,10
E-c,Emoopt-13b,global,0.4,coverage,0.615871766927536,0.018376118220455432,0.602726283853275,0.629017250001797,10
E-c,Emoopt-13b,global,0.5,coverage,0.5188408384144909,0.02434003982403642,0.5014290228343352,0.5362526539946466,10
E-c,Emoopt-13b,global,0.6,coverage,0.41584287714089757,0.031547006822387674,0.39327550794724125,0.4384102463345539,10
E-c,Emoopt-13b,global,0.7,coverage,0.31253746277210426,0.034154277498822765,0.28810496449427925,0.33696996104992927,10
E-c,Emoopt-13b,global,0.8,coverage,0.20892083728708463,0.025203984047877184,0.19089099324001574,0.22695068133415353,10
E-c,Emoopt-13b,global,0.9,coverage,0.10821385958154436,0.018588286769833224,0.09491660027025248,0.12151111889283625,10
E-c,Emoopt-13b,hybrid,0.1,coverage,0.9235125283025958,0.017018692051274004,0.911338089412828,0.9356869671923636,10
E-c,Emoopt-13b,hybrid,0.2,coverage,0.8329282499835585,0.020614803480028625,0.8181813079485276,0.8476751920185894,10
E-c,Emoopt-13b,hybrid,0.3,coverage,0.7427963434455416,0.022584176921531328,0.7266405965186616,0.7589520903724215,10
E-c,Emoopt-13b,hybrid,0.4,coverage,0.6463765631018705,0.01992576748400941,0.6321225277250665,0.6606305984786746,10
E-c,Emoopt-13b,hybrid,0.5,coverage,0.5519567545730418,0.01847235132565321,0.5387424304823929,0.5651710786636908,10
E-c,Emoopt-13b,hybrid,0.6,coverage,0.45799612923834304,0.02094050185009002,0.4430161966250195,0.4729760618516666,10
E-c,Emoopt-13b,hybrid,0.7,coverage,0.3620423435019119,0.02537172975170543,0.3438925014071596,0.3801921855966642,10
E-c,Emoopt-13b,hybrid,0.8,coverage,0.26302671013444323,0.02383789260941277,0.24597410903209138,0.2800793112367951,10
E-c,Emoopt-13b,hybrid,0.9,coverage,0.15389284003043996,0.021058340410258558,0.13882861078930817,0.16895706927157175,10
E-c,Emoopt-13b,mondrian,0.1,coverage,0.9307173592386249,0.016428782839128676,0.9189649159776715,0.9424698024995782,10
E-c,Emoopt-13b,mondrian,0.2,coverage,0.846723710294159,0.021234584108713678,0.8315334039062005,0.8619140166821176,10
E-c,Emoopt-13b,mondrian,0.3,coverage,0.7618022999088679,0.021944202019374925,0.7461043634479048,0.7775002363698311,10
E-c,Emoopt-13b,mondrian,0.4,coverage,0.6673766194721861,0.021558681284315078,0.6519544679314497,0.6827987710129224,10
E-c,Emoopt-13b,mondrian,0.5,coverage,0.5751012316913913,0.019938089840288217,0.5608383814319251,0.5893640819508574,10
E-c,Emoopt-13b,mondrian,0.6,coverage,0.48558704985954393,0.017365521799650847,0.4731645039140726,0.49800959580501525,10
E-c,Emoopt-13b,mondrian,0.7,coverage,0.3956099268125405,0.021432478066086655,0.38027805561552175,0.4109417980095592,10
E-c,Emoopt-13b,mondrian,0.8,coverage,0.28877596557652735,0.029127947467288397,0.26793908719853704,0.30961284395451766,10
E-c,Emoopt-13b,mondrian,0.9,coverage,0.1678414396978551,0.020567775860094478,0.15312813919551624,0.18255474020019394,10
GoEmotions,Emobloom-7b,global,0.1,coverage,0.9190440713367529,0.007985368718375145,0.9133316826772,0.9247564599963058,10
GoEmotions,Emobloom-7b,global,0.2,coverage,0.8425219844715608,0.014448247459969739,0.832186330871643,0.8528576380714786,10
GoEmotions,Emobloom-7b,global,0.3,coverage,0.7627585847030037,0.015293540580089323,0.7518182448320239,0.7736989245739836,10
GoEmotions,Emobloom-7b,global,0.4,coverage,0.6708283061410913,0.04831567355021456,0.6362653553994672,0.7053912568827155,10
GoEmotions,Emobloom-7b,global,0.5,coverage,0.4914537027804693,0.022015889767233027,0.4757044839940011,0.5072029215669375,10
GoEmotions,Emobloom-7b,global,0.6,coverage,0.4446506919965678,0.01647930673790767,0.43286210611570536,0.45643927787743027,10
GoEmotions,Emobloom-7b,global,0.7,coverage,0.41889849170748317,0.015594320546071785,0.40774298681065485,0.4300539966043115,10
GoEmotions,Emobloom-7b,global,0.8,coverage,0.4082830582676908,0.014306396129486235,0.398048878996658,0.4185172375387236,10
GoEmotions,Emobloom-7b,global,0.9,coverage,0.4082830582676908,0.014306396129486235,0.398048878996658,0.4185172375387236,10
GoEmotions,Emobloom-7b,hybrid,0.1,coverage,0.9346424255087431,0.009244566241290789,0.928029261205169,0.9412555898123172,10
GoEmotions,Emobloom-7b,hybrid,0.2,coverage,0.8435413505409451,0.016096009507593195,0.8320269589808343,0.855055742101056,10
GoEmotions,Emobloom-7b,hybrid,0.3,coverage,0.7027553319701427,0.013961613347288414,0.6927677954434209,0.7127428684968645,10
GoEmotions,Emobloom-7b,hybrid,0.4,coverage,0.6159816112780803,0.01867049387249199,0.6026255445481802,0.6293376780079804,10
GoEmotions,Emobloom-7b,hybrid,0.5,coverage,0.5386238319492686,0.014360685035902637,0.5283508167341122,0.5488968471644249,10
GoEmotions,Emobloom-7b,hybrid,0.6,coverage,0.4709715865027567,0.024553115949079433,0.4534073454450503,0.48853582756046315,10
GoEmotions,Emobloom-7b,hybrid,0.7,coverage,0.37164693860486525,0.02754748597861061,0.3519406542674492,0.3913532229422813,10
GoEmotions,Emobloom-7b,hybrid,0.8,coverage,0.3420053530281649,0.026027440516903845,0.323386443709197,0.36062426234713285,10
GoEmotions,Emobloom-7b,hybrid,0.9,coverage,0.40211584011312385,0.022396372148733287,0.3860944406274426,0.4181372395988051,10
GoEmotions,Emobloom-7b,mondrian,0.1,coverage,0.9391645175351074,0.009920161715177985,0.9320680613436337,0.9462609737265811,10
GoEmotions,Emobloom-7b,mondrian,0.2,coverage,0.8577556034503109,0.015276129291783881,0.8468277188646625,0.8686834880359593,10
GoEmotions,Emobloom-7b,mondrian,0.3,coverage,0.7211297484535861,0.015459902308593189,0.7100704005712289,0.7321890963359433,10
GoEmotions,Emobloom-7b,mondrian,0.4,coverage,0.635184230867766,0.018083216971275618,0.6222482767248784,0.6481201850106536,10
GoEmotions,Emobloom-7b,mondrian,0.5,coverage,0.5426016114248059,0.016108444581614603,0.5310783243486175,0.5541248985009943,10
GoEmotions,Emobloom-7b,mondrian,0.6,coverage,0.45574309254906353,0.02514054123624913,0.4377586327554281,0.473727552342699,10
GoEmotions,Emobloom-7b,mondrian,0.7,coverage,0.3745168669839524,0.027439762063769597,0.354887643692958,0.39414609027494685,10
GoEmotions,Emobloom-7b,mondrian,0.8,coverage,0.3414515914775985,0.02592085042012106,0.32290893212047417,0.35999425083472286,10
GoEmotions,Emobloom-7b,mondrian,0.9,coverage,0.37173550032657143,0.028599524107468556,0.35127663324831376,0.3921943674048291,10
GoEmotions,Emollama-7b,global,0.1,coverage,0.8981662469257758,0.008025985094846396,0.892424803060818,0.9039076907907337,10
GoEmotions,Emollama-7b,global,0.2,coverage,0.7975277062565637,0.009412268283961652,0.7907945751386166,0.8042608373745107,10
GoEmotions,Emollama-7b,global,0.3,coverage,0.7024438023733766,0.013056020843862511,0.6931040876979918,0.7117835170487613,10
GoEmotions,Emollama-7b,global,0.4,coverage,0.609483465552209,0.016741958184131305,0.5975069901454226,0.6214599409589954,10
GoEmotions,Emollama-7b,global,0.5,coverage,0.5103286448335658,0.018351356886299026,0.4972008749506951,0.5234564147164364,10
GoEmotions,Emollama-7b,global,0.6,coverage,0.4384713069872618,0.013673672580583508,0.42868975087651795,0.4482528630980056,10
GoEmotions,Emollama-7b,global,0.7,coverage,0.3922310235159379,0.012313380764889033,0.38342256154971055,0.4010394854821653,10
GoEmotions,Emollama-7b,global,0.8,coverage,0.36347027624448364,0.008603754419519216,0.35731552110305287,0.3696250313859144,10
GoEmotions,Emollama-7b,global,0.9,coverage,0.3633778548027092,0.008511981649307757,0.35728874994623083,0.3694669596591875,10
GoEmotions,Emollama-7b,hybrid,0.1,coverage,0.9168577156095236,0.00986522574244377,0.9098005582455324,0.9239148729735147,10
GoEmotions,Emollama-7b,hybrid,0.2,coverage,0.823615586254258,0.014309393335935084,0.8133792629108934,0.8338519095976227,10
GoEmotions,Emollama-7b,hybrid,0.3,coverage,0.7188283098154671,0.012397732699374856,0.7099595061103718,0.7276971135205623,10
GoEmotions,Emollama-7b,hybrid,0.4,coverage,0.6167283236972569,0.013036794182540144,0.6074023629468283,0.6260542844476856,10
GoEmotions,Emollama-7b,hybrid,0.5,coverage,0.5367091887208264,0.014942009854365387,0.5260203187821603,0.5473980586594925,10
GoEmotions,Emollama-7b,hybrid,0.6,coverage,0.45761564855545594,0.019849412830107806,0.44341623400762475,0.47181506310328714,10
GoEmotions,Emollama-7b,hybrid,0.7,coverage,0.3551311212637923,0.02537957862967049,0.33697566441998344,0.3732865781076012,10
GoEmotions,Emollama-7b,hybrid,0.8,coverage,0.355128766291777,0.02018465035448285,0.3406895372657377,0.36956799531781626,10
GoEmotions,Emollama-7b,hybrid,0.9,coverage,0.3482051703729176,0.011460315309296568,0.3400069546716084,0.3564033860742268,10
GoEmotions,Emollama-7b,mondrian,0.1,coverage,0.9271248457812089,0.007865712963516038,0.9214980536922357,0.9327516378701821,10
GoEmotions,Emollama-7b,mondrian,0.2,coverage,0.835732362156463,0.013727083911943846,0.8259125978809725,0.8455521264319534,10
GoEmotions,Emollama-7b,mondrian,0.3,coverage,0.7360379697098796,0.010757426344545283,0.7283425704836481,0.743733368936111,10
GoEmotions,Emollama-7b,mondrian,0.4,coverage,0.6343998177119194,0.016681333435802453,0.622466710637524,0.6463329247863149,10
GoEmotions,Emollama-7b,mondrian,0.5,coverage,0.5324656442897988,0.0170551281842039,0.5202651405607122,0.5446661480188855,10
GoEmotions,Emollama-7b,mondrian,0.6,coverage,0.43477622125546234,0.027119937174166157,0.4153757869079527,0.454176655602972,10
GoEmotions,Emollama-7b,mondrian,0.7,coverage,0.3570755027020628,0.022926782451081505,0.34067467054358935,0.3734763348605362,10
GoEmotions,Emollama-7b,mondrian,0.8,coverage,0.3535569980918777,0.020900695511805012,0.3386055412175485,0.3685084549662069,10
GoEmotions,Emollama-7b,mondrian,0.9,coverage,0.3506102755617403,0.010829790880809025,0.342863109864744,0.3583574412587366,10
GoEmotions,Emollama-chat-13b,global,0.1,coverage,0.9036181976619776,0.007742473637675647,0.8980795656758337,0.9091568296481215,10
GoEmotions,Emollama-chat-13b,global,0.2,coverage,0.8041055561750973,0.011796261662733993,0.7956670189298151,0.8125440934203795,10
GoEmotions,Emollama-chat-13b,global,0.3,coverage,0.7101255895263844,0.012871430855601627,0.7009179225738783,0.7193332564788905,10
GoEmotions,Emollama-chat-13b,global,0.4,coverage,0.6086815401481408,0.020042440676388516,0.5943440417974246,0.623019038498857,10
GoEmotions,Emollama-chat-13b,global,0.5,coverage,0.5153423176185068,0.022661595544480273,0.49913118874504825,0.5315534464919653,10
GoEmotions,Emollama-chat-13b,global,0.6,coverage,0.4615325221396421,0.019614773221244025,0.44750095865643,0.4755640856228541,10
GoEmotions,Emollama-chat-13b,global,0.7,coverage,0.4210807568510545,0.017499245249349253,0.4085625509123489,0.4335989627897601,10
GoEmotions,Emollama-chat-13b,global,0.8,coverage,0.4139852528486839,0.01631102152322342,0.4023170509583216,0.42565345473904626,10
GoEmotions,Emollama-chat-13b,global,0.9,coverage,0.4139852528486839,0.01631102152322342,0.4023170509583216,0.42565345473904626,10
GoEmotions,Emollama-chat-13b,hybrid,0.1,coverage,0.9250878528542396,0.008159176228275595,0.9192511297921667,0.9309245759163124,10
GoEmotions,Emollama-chat-13b,hybrid,0.2,coverage,0.8353425111535531,0.011115767880434835,0.8273907698349207,0.8432942524721855,10
GoEmotions,Emollama-chat-13b,hybrid,0.3,coverage,0.7268024459071895,0.010598181373130455,0.7192209636710036,0.7343839281433753,10
GoEmotions,Emollama-chat-13b,hybrid,0.4,coverage,0.6141152540659505,0.016743654980221696,0.6021375648443628,0.6260929432875382,10
GoEmotions,Emollama-chat-13b,hybrid,0.5,coverage,0.5279663367082025,0.022227457311287214,0.5120657716180121,0.5438669017983928,10
GoEmotions,Emollama-chat-13b,hybrid,0.6,coverage,0.4494696533759136,0.02463345408353656,0.43184794187890907,0.46709136487291814,10
GoEmotions,Emollama-chat-13b,hybrid,0.7,coverage,0.3753827514113418,0.021963042939765903,0.3596713369678618,0.3910941658548218,10
GoEmotions,Emollama-chat-13b,hybrid,0.8,coverage,0.3790696444632802,0.02410446111073225,0.3618263517425905,0.39631293718396987,10
GoEmotions,Emollama-chat-13b,hybrid,0.9,coverage,0.4033894812011236,0.01852806532351853,0.39013530171734156,0.41664366068490566,10
GoEmotions,Emollama-chat-13b,mondrian,0.1,coverage,0.9272070750775996,0.008961170593588244,0.9207966398077366,0.9336175103474625,10
GoEmotions,Emollama-chat-13b,mondrian,0.2,coverage,0.842989737068234,0.011305017584345768,0.8349026146669526,0.8510768594695154,10
GoEmotions,Emollama-chat-13b,mondrian,0.3,coverage,0.7376749701656957,0.009664185885260652,0.7307616280519195,0.744588312279472,10
GoEmotions,Emollama-chat-13b,mondrian,0.4,coverage,0.6254475897229883,0.01946345392253591,0.6115242735451164,0.6393709059008602,10
GoEmotions,Emollama-chat-13b,mondrian,0.5,coverage,0.5365353919700055,0.023744218777523623,0.519549801090206,0.5535209828498051,10
GoEmotions,Emollama-chat-13b,mondrian,0.6,coverage,0.44651796489067574,0.024967311976028323,0.4286574258446585,0.464378503936693,10
GoEmotions,Emollama-chat-13b,mondrian,0.7,coverage,0.37750163447862556,0.022291770644962218,0.3615550624010437,0.39344820655620744,10
GoEmotions,Emollama-chat-13b,mondrian,0.8,coverage,0.38247902062873773,0.024222406848838498,0.36515135460976184,0.3998066866477136,10
GoEmotions,Emollama-chat-13b,mondrian,0.9,coverage,0.4029289916470211,0.019050574855932177,0.3893010313607822,0.41655695193326003,10
GoEmotions,Emollama-chat-7b,global,0.1,coverage,0.9034755118957818,0.010012839914052763,0.8963127577147084,0.9106382660768552,10
GoEmotions,Emollama-chat-7b,global,0.2,coverage,0.804994809888114,0.010527144452706092,0.7974641444035339,0.8125254753726942,10
GoEmotions,Emollama-chat-7b,global,0.3,coverage,0.7077372359352407,0.015933910632830683,0.6963388029246442,0.7191356689458372,10
GoEmotions,Emollama-chat-7b,global,0.4,coverage,0.6061920042823925,0.020275341076094324,0.5916878990223393,0.6206961095424457,10
GoEmotions,Emollama-chat-7b,global,0.5,coverage,0.5028740505634598,0.02035888274782068,0.4883101831915994,0.5174379179353202,10
GoEmotions,Emollama-chat-7b,global,0.6,coverage,0.4275260478093827,0.01685969294228643,0.41546535003027524,0.43958674558849015,10
GoEmotions,Emollama-chat-7b,global,0.7,coverage,0.37866437957740967,0.01867847427097462,0.36530260401434245,0.3920261551404769,10
GoEmotions,Emollama-chat-7b,global,0.8,coverage,0.37281148191849756,0.016620248161327913,0.3609220726170516,0.3847008912199435,10
GoEmotions,Emollama-chat-7b,global,0.9,coverage,0.37281148191849756,0.016620248161327913,0.3609220726170516,0.3847008912199435,10
GoEmotions,Emollama-chat-7b,hybrid,0.1,coverage,0.922420416469321,0.008054933583041794,0.9166582641034147,0.9281825688352274,10
GoEmotions,Emollama-chat-7b,hybrid,0.2,coverage,0.8212547614835739,0.015854254869609202,0.8099133107732996,0.8325962121938482,10
GoEmotions,Emollama-chat-7b,hybrid,0.3,coverage,0.7166356084858336,0.017188692571730592,0.7043395585497356,0.7289316584219316,10
GoEmotions,Emollama-chat-7b,hybrid,0.4,coverage,0.612027706674954,0.018287811246998523,0.5989453946040023,0.6251100187459057,10
GoEmotions,Emollama-chat-7b,hybrid,0.5,coverage,0.5380866105060939,0.022966087761374418,0.5216576610224604,0.5545155599897273,10
GoEmotions,Emollama-chat-7b,hybrid,0.6,coverage,0.41322731513922817,0.032009616778879174,0.3903290147184167,0.43612561556003965,10
GoEmotions,Emollama-chat-7b,hybrid,0.7,coverage,0.3617540851679305,0.02632957589530361,0.3429190412194809,0.3805891291163801,10
GoEmotions,Emollama-chat-7b,hybrid,0.8,coverage,0.3507981159720901,0.02334510729904154,0.33409803224468193,0.36749819969949826,10
GoEmotions,Emollama-chat-7b,hybrid,0.9,coverage,0.3573923411303158,0.020591542818276187,0.3426620387703073,0.3721226434903243,10
GoEmotions,Emollama-chat-7b,mondrian,0.1,coverage,0.9301299076192429,0.006618705421447054,0.9253951709873083,0.9348646442511774,10
GoEmotions,Emollama-chat-7b,mondrian,0.2,coverage,0.8386280181045617,0.014517913024064428,0.8282425287622591,0.8490135074468642,10
GoEmotions,Emollama-chat-7b,mondrian,0.3,coverage,0.7468332537900381,0.018550710797156648,0.7335628747102996,0.7601036328697766,10
GoEmotions,Emollama-chat-7b,mondrian,0.4,coverage,0.6366491759281951,0.018406862969224193,0.6234816993855796,0.6498166524708107,10
GoEmotions,Emollama-chat-7b,mondrian,0.5,coverage,0.5334383268638118,0.025048313068469764,0.5155198431269239,0.5513568106006996,10
GoEmotions,Emollama-chat-7b,mondrian,0.6,coverage,0.43050632886640205,0.027140929699368144,0.411090877371015,0.4499217803617891,10
GoEmotions,Emollama-chat-7b,mondrian,0.7,coverage,0.36975015612179835,0.022707446060118673,0.35350622776533475,0.38599408447826195,10
GoEmotions,Emollama-chat-7b,mondrian,0.8,coverage,0.35609268391888194,0.0262553747485443,0.3373107202731989,0.37487464756456496,10
GoEmotions,Emollama-chat-7b,mondrian,0.9,coverage,0.3577640936290326,0.0221371088184435,0.34192815995714365,0.37360002730092157,10
GoEmotions,Emoopt-13b,global,0.1,coverage,0.9040176601527745,0.010520814442764585,0.896491522884521,0.911543797421028,10
GoEmotions,Emoopt-13b,global,0.2,coverage,0.8079299156415676,0.015188657260664689,0.7970646047774611,0.818795226505674,10
GoEmotions,Emoopt-13b,global,0.3,coverage,0.7036166220851505,0.018612220259991374,0.6903022417863895,0.7169310023839115,10
GoEmotions,Emoopt-13b,global,0.4,coverage,0.6112019433946996,0.018960289219694264,0.597638569561855,0.6247653172275441,10
GoEmotions,Emoopt-13b,global,0.5,coverage,0.5057075815014689,0.01769121304598636,0.4930520500737115,0.5183631129292262,10
GoEmotions,Emoopt-13b,global,0.6,coverage,0.44625868165620786,0.01527928389929768,0.4353285404002888,0.4571888229121269,10
GoEmotions,Emoopt-13b,global,0.7,coverage,0.44625868165620786,0.01527928389929768,0.4353285404002888,0.4571888229121269,10
GoEmotions,Emoopt-13b,global,0.8,coverage,0.44625868165620786,0.01527928389929768,0.4353285404002888,0.4571888229121269,10
GoEmotions,Emoopt-13b,global,0.9,coverage,0.44625868165620786,0.01527928389929768,0.4353285404002888,0.4571888229121269,10
GoEmotions,Emoopt-13b,hybrid,0.1,coverage,0.9196436592271746,0.010378171882939661,0.9122195622991797,0.9270677561551696,10
GoEmotions,Emoopt-13b,hybrid,0.2,coverage,0.8316394148973025,0.015213735072876216,0.8207561644470435,0.8425226653475616,10
GoEmotions,Emoopt-13b,hybrid,0.3,coverage,0.7344941463772613,0.01897283027166655,0.72092180121628,0.7480664915382426,10
GoEmotions,Emoopt-13b,hybrid,0.4,coverage,0.6192756768934597,0.016994131188778152,0.6071188077862955,0.631432546000624,10
GoEmotions,Emoopt-13b,hybrid,0.5,coverage,0.5118964770853032,0.012433193112662309,0.5030023065286735,0.5207906476419328,10
GoEmotions,Emoopt-13b,hybrid,0.6,coverage,0.4794626665064956,0.016261417294529665,0.4678299493436956,0.4910953836692956,10
GoEmotions,Emoopt-13b,hybrid,0.7,coverage,0.4532530592062239,0.013560551512296425,0.443552425032892,0.4629536933795558,10
GoEmotions,Emoopt-13b,hybrid,0.8,coverage,0.44227250456371536,0.015159543518146495,0.4314280204163785,0.4531169887110522,10
GoEmotions,Emoopt-13b,hybrid,0.9,coverage,0.4457819358512253,0.014591276443278041,0.4353439654803413,0.45621990622210923,10
GoEmotions,Emoopt-13b,mondrian,0.1,coverage,0.9218717525024314,0.00951365750153936,0.9150660919074974,0.9286774130973653,10
GoEmotions,Emoopt-13b,mondrian,0.2,coverage,0.8352332149297025,0.016638045130069248,0.8233310744437617,0.8471353554156432,10
GoEmotions,Emoopt-13b,mondrian,0.3,coverage,0.7433199246953958,0.01838329087889629,0.7301693106103848,0.7564705387804067,10
GoEmotions,Emoopt-13b,mondrian,0.4,coverage,0.6409196816049033,0.017881006708895916,0.6281283799696707,0.6537109832401359,10
GoEmotions,Emoopt-13b,mondrian,0.5,coverage,0.5315230403304307,0.011640358130437926,0.5231960297536444,0.539850050907217,10
GoEmotions,Emoopt-13b,mondrian,0.6,coverage,0.4733625983120029,0.014487122527534757,0.4629991351640316,0.48372606145997415,10
GoEmotions,Emoopt-13b,mondrian,0.7,coverage,0.4464415830873497,0.017559762885692914,0.43388008543955153,0.4590030807351479,10
GoEmotions,Emoopt-13b,mondrian,0.8,coverage,0.4340986780150957,0.019370001239902252,0.4202422138591289,0.4479551421710625,10
GoEmotions,Emoopt-13b,mondrian,0.9,coverage,0.44490746335439335,0.014815842601986342,0.43430884803102615,0.45550607867776055,10
E-c,Emobloom-7b,global,0.1,interval_size,8.061451197442745,0.34545284232502127,7.814329120992239,8.30857327389325,10
E-c,Emobloom-7b,global,0.2,interval_size,5.8847365550295185,0.24778455520324863,5.707482162267626,6.061990947791411,10
E-c,Emobloom-7b,global,0.3,interval_size,4.602173864268835,0.21284078574660473,4.449916738309017,4.754430990228653,10
E-c,Emobloom-7b,global,0.4,interval_size,3.7906403976611913,0.14567203551320285,3.686432901047443,3.89484789427494,10
E-c,Emobloom-7b,global,0.5,interval_size,2.9455263216018945,0.32809076096576634,2.7108243299540637,3.1802283132497253,10
E-c,Emobloom-7b,global,0.6,interval_size,2.045280832447439,0.06356192239093784,1.9998113723071866,2.0907502925876913,10
E-c,Emobloom-7b,global,0.7,interval_size,1.647918349759583,0.037640843871668425,1.6209917121487563,1.6748449873704099,10
E-c,Emobloom-7b,global,0.8,interval_size,1.3769645559358357,0.03450499904020107,1.3522811665813068,1.4016479452903645,10
E-c,Emobloom-7b,global,0.9,interval_size,1.0897036126070823,0.014233218922062385,1.079521781156741,1.0998854440574235,10
E-c,Emobloom-7b,hybrid,0.1,interval_size,8.652486993972913,0.3400935281249727,8.409198739946774,8.895775247999051,10
E-c,Emobloom-7b,hybrid,0.2,interval_size,6.547164172140334,0.25510226481402615,6.364675005272354,6.729653339008315,10
E-c,Emobloom-7b,hybrid,0.3,interval_size,5.264575655908801,0.20682216513720472,5.11662399176644,5.412527320051161,10
E-c,Emobloom-7b,hybrid,0.4,interval_size,4.333055642560167,0.1739672847959342,4.208606943965355,4.457504341154978,10
E-c,Emobloom-7b,hybrid,0.5,interval_size,3.4987381436659666,0.1279216477181133,3.4072285095454067,3.5902477777865265,10
E-c,Emobloom-7b,hybrid,0.6,interval_size,2.760791214248621,0.11286053605911336,2.6800556503651882,2.8415267781320535,10
E-c,Emobloom-7b,hybrid,0.7,interval_size,2.212929897257213,0.053373501282634676,2.1747487945179027,2.251110999996523,10
E-c,Emobloom-7b,hybrid,0.8,interval_size,1.72738683746164,0.09166471463146392,1.6618138508145717,1.7929598241087081,10
E-c,Emobloom-7b,hybrid,0.9,interval_size,1.2345702856632284,0.030304904615127293,1.212891462861479,1.2562491084649776,10
E-c,Emobloom-7b,mondrian,0.1,interval_size,9.108485479434488,0.3175956776382583,8.881291218123915,9.335679740745062,10
E-c,Emobloom-7b,mondrian,0.2,interval_size,7.2524838407865655,0.29286887972926856,7.042978065123164,7.461989616449967,10
E-c,Emobloom-7b,mondrian,0.3,interval_size,5.988849149949843,0.23083436744249877,5.823720191060401,6.153978108839285,10
E-c,Emobloom-7b,mondrian,0.4,interval_size,5.078824831750489,0.259322636153137,4.893316593099241,5.264333070401737,10
E-c,Emobloom-7b,mondrian,0.5,interval_size,4.233532823172543,0.18922999451646905,4.098165839775051,4.368899806570035,10
E-c,Emobloom-7b,mondrian,0.6,interval_size,3.3560672996512,0.1447806918592073,3.2524974318759465,3.459637167426454,10
E-c,Emobloom-7b,mondrian,0.7,interval_size,2.557632676967297,0.06776307565682531,2.5091578928251765,2.606107461109417,10
E-c,Emobloom-7b,mondrian,0.8,interval_size,1.9040294377370102,0.061970280062166976,1.8596985699285076,1.9483603055455128,10
E-c,Emobloom-7b,mondrian,0.9,interval_size,1.2749502439703542,0.05477973195257397,1.2357631844098902,1.3141373035308181,10
E-c,Emollama-7b,global,0.1,interval_size,7.154792313487533,0.36073472456490546,6.896738237040227,7.41284638993484,10
E-c,Emollama-7b,global,0.2,interval_size,5.144794751222255,0.18822724470289612,5.010145091828881,5.279444410615629,10
E-c,Emollama-7b,global,0.3,interval_size,4.035820263278237,0.14467792233022647,3.9323239123952645,4.139316614161209,10
E-c,Emollama-7b,global,0.4,interval_size,3.199285087732401,0.13526292026277803,3.102523823598273,3.2960463518665293,10
E-c,Emollama-7b,global,0.5,interval_size,2.6279773278764678,0.14622229293938346,2.5233762008128298,2.7325784549401058,10
E-c,Emollama-7b,global,0.6,interval_size,2.125024742830641,0.12221159440760163,2.037599834779317,2.2124496508819647,10
E-c,Emollama-7b,global,0.7,interval_size,1.6776577275988642,0.0703736671927646,1.627315438772795,1.7280000164249334,10
E-c,Emollama-7b,global,0.8,interval_size,1.3642017584507737,0.0678126854032278,1.31569148563396,1.4127120312675874,10
E-c,Emollama-7b,global,0.9,interval_size,1.1130732762578839,0.023858590745783673,1.0960058686007381,1.1301406839150296,10
E-c,Emollama-7b,hybrid,0.1,interval_size,7.761590812368835,0.3312418245482274,7.524634685626083,7.998546939111588,10
E-c,Emollama-7b,hybrid,0.2,interval_size,5.814496053060486,0.20007503477578184,5.671370995217773,5.957621110903199,10
E-c,Emollama-7b,hybrid,0.3,interval_size,4.646376147107416,0.13108621166783602,4.55260272031098,4.740149573903852,10
E-c,Emollama-7b,hybrid,0.4,interval_size,3.8147411939385782,0.12927784006667975,3.7222613982556227,3.9072209896215337,10
E-c,Emollama-7b,hybrid,0.5,interval_size,3.2012700332358284,0.14281065601613746,3.099109444205959,3.3034306222656977,10
E-c,Emollama-7b,hybrid,0.6,interval_size,2.6908126664906864,0.12050261142885833,2.604610291215423,2.77701504176595,10
E-c,Emollama-7b,hybrid,0.7,interval_size,2.191679149386661,0.11103420855035467,2.112250061499215,2.271108237274107,10
E-c,Emollama-7b,hybrid,0.8,interval_size,1.7047967815493983,0.10407850963706797,1.6303435009155478,1.7792500621832488,10
E-c,Emollama-7b,hybrid,0.9,interval_size,1.2290707720073442,0.039337871083464496,1.2009301542609088,1.2572113897537796,10
E-c,Emollama-7b,mondrian,0.1,interval_size,8.483144475458703,0.33778329880714103,8.24150885992949,8.724780090987915,10
E-c,Emollama-7b,mondrian,0.2,interval_size,6.564140583453546,0.21120323261018006,6.413054892438792,6.7152262744683,10
E-c,Emollama-7b,mondrian,0.3,interval_size,5.418694234103265,0.15527928688435386,5.307614123873598,5.529774344332933,10
E-c,Emollama-7b,mondrian,0.4,interval_size,4.486137372640213,0.09934991280571141,4.415066726405308,4.5572080188751185,10
E-c,Emollama-7b,mondrian,0.5,interval_size,3.725134221530923,0.12748906028605153,3.6339340418173323,3.816334401244514,10
E-c,Emollama-7b,mondrian,0.6,interval_size,3.035858592855786,0.12115314520082454,2.949190853754168,3.122526331957404,10
E-c,Emollama-7b,mondrian,0.7,interval_size,2.3891796851283487,0.13128614207660863,2.2952632367332804,2.483096133523417,10
E-c,Emollama-7b,mondrian,0.8,interval_size,1.8192381849168306,0.08182044847765738,1.7607073620472753,1.877769007786386,10
E-c,Emollama-7b,mondrian,0.9,interval_size,1.2612462520631413,0.04525946612692092,1.228869580407903,1.2936229237183796,10
E-c,Emollama-chat-13b,global,0.1,interval_size,6.990727787746972,0.24751332022873154,6.813667424797246,7.1677881506966985,10
E-c,Emollama-chat-13b,global,0.2,interval_size,5.136215813752478,0.14964205337810113,5.029168337442178,5.243263290062778,10
E-c,Emollama-chat-13b,global,0.3,interval_size,3.9655509258824297,0.126991203132082,3.8747068917221266,4.0563949600427325,10
E-c,Emollama-chat-13b,global,0.4,interval_size,3.113079792181437,0.13650498289645016,3.015430009964641,3.2107295743982327,10
E-c,Emollama-chat-13b,global,0.5,interval_size,2.5436071364819286,0.09686903797068418,2.474311201193153,2.6129030717707042,10
E-c,Emollama-chat-13b,global,0.6,interval_size,2.10067174625842,0.08347639589490784,2.040956329967981,2.1603871625488593,10
E-c,Emollama-chat-13b,global,0.7,interval_size,1.6683187083681734,0.06602723765875977,1.6210856679256462,1.7155517488107006,10
E-c,Emollama-chat-13b,global,0.8,interval_size,1.3343201270211107,0.04711526900301473,1.3006158939623058,1.3680243600799156,10
E-c,Emollama-chat-13b,global,0.9,interval_size,1.0902458215503716,0.020900241137750297,1.0752946897156603,1.105196953385083,10
E-c,Emollama-chat-13b,hybrid,0.1,interval_size,7.62199992483958,0.2380431031968899,7.45171414704479,7.79228570263437,10
E-c,Emollama-chat-13b,hybrid,0.2,interval_size,5.838851125997049,0.14065462931532866,5.738232865557099,5.939469386437,10
E-c,Emollama-chat-13b,hybrid,0.3,interval_size,4.69054411446932,0.10054406901922017,4.6186192203402525,4.762469008598388,10
E-c,Emollama-chat-13b,hybrid,0.4,interval_size,3.805124766298067,0.11033492609042649,3.726195914947567,3.8840536176485667,10
E-c,Emollama-chat-13b,hybrid,0.5,interval_size,3.1864661919033432,0.10521034684431772,3.111203243706832,3.2617291400998543,10
E-c,Emollama-chat-13b,hybrid,0.6,interval_size,2.702329738159885,0.08420699247264957,2.6420916845620668,2.762567791757703,10
E-c,Emollama-chat-13b,hybrid,0.7,interval_size,2.2102039665911932,0.0866548098437764,2.1482148499323412,2.272193083250045,10
E-c,Emollama-chat-13b,hybrid,0.8,interval_size,1.6672380424468476,0.07685425085158609,1.6122598233456051,1.72221626154809,10
E-c,Emollama-chat-13b,hybrid,0.9,interval_size,1.2198555040915453,0.02501608179351132,1.2019600772197878,1.2377509309633028,10
E-c,Emollama-chat-13b,mondrian,0.1,interval_size,8.06475986245643,0.236194281894268,7.895796651748409,8.233723073164452,10
E-c,Emollama-chat-13b,mondrian,0.2,interval_size,6.437577391745506,0.1251180509800175,6.3480733299131495,6.527081453577863,10
E-c,Emollama-chat-13b,mondrian,0.3,interval_size,5.296338043386353,0.08769167892757797,5.233607195267798,5.359068891504908,10
E-c,Emollama-chat-13b,mondrian,0.4,interval_size,4.405102453048225,0.07023811625105437,4.3548571315244216,4.4553477745720285,10
E-c,Emollama-chat-13b,mondrian,0.5,interval_size,3.672293520232246,0.08809834652300272,3.6092717596408623,3.7353152808236296,10
E-c,Emollama-chat-13b,mondrian,0.6,interval_size,3.0689582765715575,0.09862148469978069,2.998408716412746,3.139507836730369,10
E-c,Emollama-chat-13b,mondrian,0.7,interval_size,2.4315720741457545,0.09752530101962535,2.361806676552774,2.501337471738735,10
E-c,Emollama-chat-13b,mondrian,0.8,interval_size,1.7662151560987982,0.07604297391358669,1.7118172895578228,1.8206130226397736,10
E-c,Emollama-chat-13b,mondrian,0.9,interval_size,1.2486576818647301,0.020912673284733552,1.2336976566078182,1.2636177071216421,10
E-c,Emollama-chat-7b,global,0.1,interval_size,7.450323468080425,0.33615248105179657,7.209854469294908,7.690792466865942,10
E-c,Emollama-chat-7b,global,0.2,interval_size,5.4206886526555085,0.19555903509878386,5.280794146369177,5.5605831589418395,10
E-c,Emollama-chat-7b,global,0.3,interval_size,4.197625164205202,0.2163258120712567,4.042875000596492,4.3523753278139115,10
E-c,Emollama-chat-7b,global,0.4,interval_size,3.29935029299727,0.146354841080102,3.194654346705793,3.404046239288747,10
E-c,Emollama-chat-7b,global,0.5,interval_size,2.6252700945371035,0.10343871864476877,2.551274492807983,2.699265696266224,10
E-c,Emollama-chat-7b,global,0.6,interval_size,2.1149043022230267,0.05994001511129947,2.072025798468113,2.1577828059779405,10
E-c,Emollama-chat-7b,global,0.7,interval_size,1.6586942131412603,0.027105614422315957,1.6393040246731994,1.6780844016093213,10
E-c,Emollama-chat-7b,global,0.8,interval_size,1.3349074478958598,0.05014072805772392,1.2990389318084836,1.370775963983236,10
E-c,Emollama-chat-7b,global,0.9,interval_size,1.0704739486306811,0.019593863203006042,1.05645734327342,1.0844905539879424,10
E-c,Emollama-chat-7b,hybrid,0.1,interval_size,8.067748590578946,0.3341245087317201,7.828730315797748,8.306766865360142,10
E-c,Emollama-chat-7b,hybrid,0.2,interval_size,6.0157302224282505,0.18328823795129198,5.8846137156233596,6.1468467292331415,10
E-c,Emollama-chat-7b,hybrid,0.3,interval_size,4.833530101720135,0.22746009429687622,4.670814952428105,4.996245251012165,10
E-c,Emollama-chat-7b,hybrid,0.4,interval_size,3.8823646744396187,0.176152812719946,3.7563525433511344,4.008376805528103,10
E-c,Emollama-chat-7b,hybrid,0.5,interval_size,3.1657677293118036,0.13066207329805088,3.072297712827288,3.259237745796319,10
E-c,Emollama-chat-7b,hybrid,0.6,interval_size,2.636059205627464,0.08731614562850189,2.5735969978478312,2.6985214134070965,10
E-c,Emollama-chat-7b,hybrid,0.7,interval_size,2.1591847687833257,0.040890885923483354,2.1299331911459802,2.188436346420671,10
E-c,Emollama-chat-7b,hybrid,0.8,interval_size,1.653012877007604,0.062108858857143644,1.6085828759010912,1.6974428781141169,10
E-c,Emollama-chat-7b,hybrid,0.9,interval_size,1.2324347476559654,0.03717315319422635,1.2058426758011132,1.2590268195108176,10
E-c,Emollama-chat-7b,mondrian,0.1,interval_size,8.674962935521002,0.3745926599388977,8.40699548930117,8.942930381740833,10
E-c,Emollama-chat-7b,mondrian,0.2,interval_size,6.589556913924753,0.20199550223290652,6.44505803642386,6.734055791425646,10
E-c,Emollama-chat-7b,mondrian,0.3,interval_size,5.462781186886791,0.17364300550871162,5.338564463719563,5.586997910054019,10
E-c,Emollama-chat-7b,mondrian,0.4,interval_size,4.532568025816575,0.1572272669281181,4.420094414609873,4.645041637023277,10
E-c,Emollama-chat-7b,mondrian,0.5,interval_size,3.7023258566937707,0.16577107809920477,3.583740371162372,3.8209113422251693,10
E-c,Emollama-chat-7b,mondrian,0.6,interval_size,3.028409548240877,0.13227630615193836,2.93378477913646,3.123034317345294,10
E-c,Emollama-chat-7b,mondrian,0.7,interval_size,2.4058234689305262,0.10448214547102798,2.331081444615348,2.4805654932457046,10
E-c,Emollama-chat-7b,mondrian,0.8,interval_size,1.8254153219637697,0.0626873539146088,1.7805714904228191,1.8702591535047202,10
E-c,Emollama-chat-7b,mondrian,0.9,interval_size,1.271180493099876,0.041956677869908934,1.2411664938333085,1.3011944923664436,10
E-c,Emoopt-13b,global,0.1,interval_size,9.39908327774594,0.22925822440265328,9.235081823664876,9.563084731827002,10
E-c,Emoopt-13b,global,0.2,interval_size,7.933035353582804,0.20805882156773528,7.784199038722529,8.08187166844308,10
E-c,Emoopt-13b,global,0.3,interval_size,6.780183250500286,0.20178965012375932,6.635831630727284,6.9245348702732885,10
E-c,Emoopt-13b,global,0.4,interval_size,5.743311192326121,0.235934522702547,5.574533802149791,5.9120885825024505,10
E-c,Emoopt-13b,global,0.5,interval_size,4.703459023478236,0.23092029110586118,4.53826859850282,4.8686494484536516,10
E-c,Emoopt-13b,global,0.6,interval_size,3.771401929743797,0.26549428448371076,3.5814787598379416,3.9613250996496525,10
E-c,Emoopt-13b,global,0.7,interval_size,2.8600531759975194,0.2403802213243421,2.6880955246101457,3.032010827384893,10
E-c,Emoopt-13b,global,0.8,interval_size,2.0996284256710416,0.12829398672379116,2.007852436271401,2.191404415070682,10
E-c,Emoopt-13b,global,0.9,interval_size,1.374920142053195,0.11150701492411702,1.295152828861083,1.4546874552453068,10
E-c,Emoopt-13b,hybrid,0.1,interval_size,9.243386352746644,0.30089299799295527,9.028140468668846,9.45863223682444,10
E-c,Emoopt-13b,hybrid,0.2,interval_size,7.765798015764898,0.18988298203000303,7.629963913240076,7.9016321182897205,10
E-c,Emoopt-13b,hybrid,0.3,interval_size,6.701379663469216,0.1754668847717231,6.575858215675503,6.826901111262928,10
E-c,Emoopt-13b,hybrid,0.4,interval_size,5.687390430199456,0.20449110478330268,5.541106306179535,5.833674554219377,10
E-c,Emoopt-13b,hybrid,0.5,interval_size,4.806192514022116,0.19757950142021022,4.664852653199436,4.947532374844796,10
E-c,Emoopt-13b,hybrid,0.6,interval_size,3.9696020725485957,0.21105351451462093,3.818623483407451,4.12058066168974,10
E-c,Emoopt-13b,hybrid,0.7,interval_size,3.1984817595054444,0.21375182032084283,3.0455729186713505,3.3513906003395384,10
E-c,Emoopt-13b,hybrid,0.8,interval_size,2.44817970856547,0.14906930999749904,2.3415419481878423,2.5548174689430976,10
E-c,Emoopt-13b,hybrid,0.9,interval_size,1.6903724198836891,0.10292954061900049,1.6167410621716798,1.7640037775956985,10
E-c,Emoopt-13b,mondrian,0.1,interval_size,9.507973581112186,0.27297301437703503,9.31270045012912,9.703246712095252,10
E-c,Emoopt-13b,mondrian,0.2,interval_size,8.157262140756677,0.19576996166013813,8.017216746698024,8.29730753481533,10
E-c,Emoopt-13b,mondrian,0.3,interval_size,7.113083550202464,0.14871352338619315,7.0067003042342915,7.219466796170636,10
E-c,Emoopt-13b,mondrian,0.4,interval_size,6.102167203750505,0.2021435335870314,5.957562430998136,6.246771976502874,10
E-c,Emoopt-13b,mondrian,0.5,interval_size,5.205046787361775,0.219880840395679,5.047753509690207,5.362340065033344,10
E-c,Emoopt-13b,mondrian,0.6,interval_size,4.355891637463711,0.21608451740402243,4.201314085661585,4.510469189265836,10
E-c,Emoopt-13b,mondrian,0.7,interval_size,3.5771138868271968,0.19322894439481794,3.4388862270175267,3.715341546636867,10
E-c,Emoopt-13b,mondrian,0.8,interval_size,2.7352753689906892,0.15959349127437725,2.6211090628567737,2.849441675124605,10
E-c,Emoopt-13b,mondrian,0.9,interval_size,1.8485642010917052,0.1097469382508427,1.770055970902889,1.9270724312805214,10
GoEmotions,Emobloom-7b,global,0.1,interval_size,5.361937627040036,0.05255384330683589,5.324342872294262,5.39953238178581,10
GoEmotions,Emobloom-7b,global,0.2,interval_size,4.386819850946732,0.08157098183058963,4.32846748576597,4.445172216127493,10
GoEmotions,Emobloom-7b,global,0.3,interval_size,3.7059380358664753,0.06372074653612204,3.660354959777128,3.7515211119558227,10
GoEmotions,Emobloom-7b,global,0.4,interval_size,2.988751533712075,0.40465408931006364,2.6992794363876986,3.2782236310364516,10
GoEmotions,Emobloom-7b,global,0.5,interval_size,1.476851713357955,0.05439929148462884,1.4379368045135532,1.515766622202357,10
GoEmotions,Emobloom-7b,global,0.6,interval_size,1.2170165108410733,0.04335574221456797,1.1860016812336318,1.2480313404485148,10
GoEmotions,Emobloom-7b,global,0.7,interval_size,1.0479927140783003,0.023990388343273664,1.0308310240995973,1.0651544040570033,10
GoEmotions,Emobloom-7b,global,0.8,interval_size,1.0002767527675276,0.0006226462709507108,0.9998313384576151,1.00072216707744,10
GoEmotions,Emobloom-7b,global,0.9,interval_size,1.0,0.0,1.0,1.0,10
GoEmotions,Emobloom-7b,hybrid,0.1,interval_size,5.158486727643558,0.16247210370512374,5.042261186227644,5.274712269059472,10
GoEmotions,Emobloom-7b,hybrid,0.2,interval_size,4.022766638080311,0.22789670030255144,3.8597391596669257,4.185794116493696,10
GoEmotions,Emobloom-7b,hybrid,0.3,interval_size,2.9338458737148687,0.19941739696744396,2.791191261619989,3.076500485809748,10
GoEmotions,Emobloom-7b,hybrid,0.4,interval_size,2.3091251006703595,0.19013999112563582,2.1731071449140744,2.4451430564266445,10
GoEmotions,Emobloom-7b,hybrid,0.5,interval_size,1.7593459377014593,0.09064065067794734,1.694505522275713,1.8241863531272056,10
GoEmotions,Emobloom-7b,hybrid,0.6,interval_size,1.4786791277163975,0.10567233075472678,1.4030856961391196,1.5542725592936755,10
GoEmotions,Emobloom-7b,hybrid,0.7,interval_size,1.1762553501348283,0.10804274669458327,1.0989662251449093,1.2535444751247473,10
GoEmotions,Emobloom-7b,hybrid,0.8,interval_size,1.030006746676653,0.012318152458836834,1.0211948712462067,1.0388186221070992,10
GoEmotions,Emobloom-7b,hybrid,0.9,interval_size,1.000738519411096,0.0012905369095720474,0.9998153249204008,1.0016617139017912,10
GoEmotions,Emobloom-7b,mondrian,0.1,interval_size,5.196811918520646,0.18278854747840095,5.066052868746394,5.327570968294897,10
GoEmotions,Emobloom-7b,mondrian,0.2,interval_size,4.089218355601151,0.21687030501759846,3.9340786852030143,4.244358025999288,10
GoEmotions,Emobloom-7b,mondrian,0.3,interval_size,3.012240621633196,0.23377069906240844,2.84501113764118,3.1794701056252115,10
GoEmotions,Emobloom-7b,mondrian,0.4,interval_size,2.3470062572391175,0.21961322044182,2.189904423349722,2.504108091128513,10
GoEmotions,Emobloom-7b,mondrian,0.5,interval_size,1.787510939908976,0.1270558505898724,1.696620659743288,1.8784012200746638,10
GoEmotions,Emobloom-7b,mondrian,0.6,interval_size,1.4409259262542182,0.09861165305151767,1.3703833992328889,1.5114684532755476,10
GoEmotions,Emobloom-7b,mondrian,0.7,interval_size,1.2000284274657262,0.115016989203456,1.1177502299330477,1.2823066249984048,10
GoEmotions,Emobloom-7b,mondrian,0.8,interval_size,1.0314840415143562,0.012993400630965636,1.0221891226407218,1.0407789603879907,10
GoEmotions,Emobloom-7b,mondrian,0.9,interval_size,1.0013845318841716,0.0018584240145242761,1.0000550954311271,1.0027139683372162,10
GoEmotions,Emollama-7b,global,0.1,interval_size,5.032830781687582,0.0664473029010372,4.985297244673026,5.080364318702138,10
GoEmotions,Emollama-7b,global,0.2,interval_size,3.9962883259863426,0.06520649147632028,3.949642411993487,4.042934239979198,10
GoEmotions,Emollama-7b,global,0.3,interval_size,3.1466397606584335,0.06352154544051498,3.101199184448509,3.192080336868358,10
GoEmotions,Emollama-7b,global,0.4,interval_size,2.436010231784629,0.06505251458356333,2.3894744662253697,2.482545997343888,10
GoEmotions,Emollama-7b,global,0.5,interval_size,1.7051331456926682,0.06839534561461656,1.656206062869793,1.7540602285155433,10
GoEmotions,Emollama-7b,global,0.6,interval_size,1.3236870605279332,0.03219576090977654,1.3006556006175751,1.3467185204382912,10
GoEmotions,Emollama-7b,global,0.7,interval_size,1.0869321789580524,0.015379231979792607,1.075930539152511,1.0979338187635939,10
GoEmotions,Emollama-7b,global,0.8,interval_size,1.0008317929759705,0.0026303603457962475,0.9989501465373672,1.0027134394145736,10
GoEmotions,Emollama-7b,global,0.9,interval_size,1.0,0.0,1.0,1.0,10
GoEmotions,Emollama-7b,hybrid,0.1,interval_size,4.8234283658990185,0.31031615759497194,4.601441559523689,5.045415172274348,10
GoEmotions,Emollama-7b,hybrid,0.2,interval_size,3.5536181454602103,0.1652174935411104,3.435428670465493,3.6718076204549277,10
GoEmotions,Emollama-7b,hybrid,0.3,interval_size,2.7166715532802703,0.14377976669610854,2.6138177042328166,2.819525402327724,10
GoEmotions,Emollama-7b,hybrid,0.4,interval_size,2.1503271456274304,0.05629820099222056,2.110053838752926,2.190600452501935,10
GoEmotions,Emollama-7b,hybrid,0.5,interval_size,1.7673747379870506,0.042277379568544125,1.7371313225456022,1.797618153428499,10
GoEmotions,Emollama-7b,hybrid,0.6,interval_size,1.4783477595048249,0.028161180589827212,1.4582024644891072,1.4984930545205426,10
GoEmotions,Emollama-7b,hybrid,0.7,interval_size,1.192094894230614,0.03442063453086236,1.1674718556104609,1.2167179328507671,10
GoEmotions,Emollama-7b,hybrid,0.8,interval_size,1.0292294546453566,0.0169593959047836,1.0170974336634793,1.041361475627234,10
GoEmotions,Emollama-7b,hybrid,0.9,interval_size,1.0,0.0,1.0,1.0,10
GoEmotions,Emollama-7b,mondrian,0.1,interval_size,4.934947246729827,0.32838319489969,4.700036060447819,5.169858433011835,10
GoEmotions,Emollama-7b,mondrian,0.2,interval_size,3.6454744621160264,0.17892936161756087,3.517476107598819,3.773472816633234,10
GoEmotions,Emollama-7b,mondrian,0.3,interval_size,2.790991261122569,0.16318850776174487,2.674253235117273,2.907729287127865,10
GoEmotions,Emollama-7b,mondrian,0.4,interval_size,2.2261194925570598,0.07089058515232473,2.1754074228987896,2.27683156221533,10
GoEmotions,Emollama-7b,mondrian,0.5,interval_size,1.8211457815689343,0.05420379605610062,1.7823707217294191,1.8599208414084494,10
GoEmotions,Emollama-7b,mondrian,0.6,interval_size,1.4947465306357897,0.04554460932986529,1.4621658798211294,1.5273271814504499,10
GoEmotions,Emollama-7b,mondrian,0.7,interval_size,1.2088308964354368,0.04129934490447212,1.1792871248452284,1.2383746680256453,10
GoEmotions,Emollama-7b,mondrian,0.8,interval_size,1.032556380956588,0.015577687796097814,1.0214127744123191,1.043699987500857,10
GoEmotions,Emollama-7b,mondrian,0.9,interval_size,1.0025901243072783,0.005293808260153866,0.9988031620093991,1.0063770866051576,10
GoEmotions,Emollama-chat-13b,global,0.1,interval_size,4.904166096004468,0.05467316777141291,4.865055267866929,4.943276924142007,10
GoEmotions,Emollama-chat-13b,global,0.2,interval_size,3.664702215954359,0.039610433011349214,3.6363666191505017,3.693037812758216,10
GoEmotions,Emollama-chat-13b,global,0.3,interval_size,2.797491350502272,0.05618156507974798,2.757301479933241,2.837681221071303,10
GoEmotions,Emollama-chat-13b,global,0.4,interval_size,2.116399561996995,0.07789778508203643,2.060674843477365,2.172124280516625,10
GoEmotions,Emollama-chat-13b,global,0.5,interval_size,1.442472263499782,0.05821802664883588,1.400825596083524,1.4841189309160399,10
GoEmotions,Emollama-chat-13b,global,0.6,interval_size,1.1836476702623788,0.041187661678679176,1.1541837920390243,1.2131115484857333,10
GoEmotions,Emollama-chat-13b,global,0.7,interval_size,1.0146514981851706,0.010695550208489066,1.0070003624801829,1.0223026338901584,10
GoEmotions,Emollama-chat-13b,global,0.8,interval_size,1.0,0.0,1.0,1.0,10
GoEmotions,Emollama-chat-13b,global,0.9,interval_size,1.0,0.0,1.0,1.0,10
GoEmotions,Emollama-chat-13b,hybrid,0.1,interval_size,4.818281700656963,0.3498812481536932,4.567991733514399,5.068571667799528,10
GoEmotions,Emollama-chat-13b,hybrid,0.2,interval_size,3.366261901270132,0.17705476954099644,3.239604549140806,3.492919253399458,10
GoEmotions,Emollama-chat-13b,hybrid,0.3,interval_size,2.500237212273592,0.09873115983661072,2.4296091952482337,2.57086522929895,10
GoEmotions,Emollama-chat-13b,hybrid,0.4,interval_size,1.9111866022013326,0.055757445999886295,1.871300128145042,1.9510730762576232,10
GoEmotions,Emollama-chat-13b,hybrid,0.5,interval_size,1.5065810317929542,0.043383873225119045,1.4755460784728427,1.5376159851130657,10
GoEmotions,Emollama-chat-13b,hybrid,0.6,interval_size,1.2729279356596808,0.03578438072831956,1.2473293317791614,1.2985265395402001,10
GoEmotions,Emollama-chat-13b,hybrid,0.7,interval_size,1.081817282341421,0.026676077675929406,1.0627343659512634,1.1009001987315785,10
GoEmotions,Emollama-chat-13b,hybrid,0.8,interval_size,1.000736987876282,0.0008462486176214904,1.0001316180834834,1.0013423576690805,10
GoEmotions,Emollama-chat-13b,hybrid,0.9,interval_size,1.0,0.0,1.0,1.0,10
GoEmotions,Emollama-chat-13b,mondrian,0.1,interval_size,4.927201894883475,0.43111295586116627,4.618802264647144,5.235601525119806,10
GoEmotions,Emollama-chat-13b,mondrian,0.2,interval_size,3.4492735901606024,0.24908966115669123,3.2710855808418677,3.627461599479337,10
GoEmotions,Emollama-chat-13b,mondrian,0.3,interval_size,2.5490590041068577,0.10202471426181643,2.4760749201781804,2.622043088035535,10
GoEmotions,Emollama-chat-13b,mondrian,0.4,interval_size,1.9553071753494222,0.0626104077585169,1.9105183877726213,2.000095962926223,10
GoEmotions,Emollama-chat-13b,mondrian,0.5,interval_size,1.5630422362680232,0.05942258993088519,1.5205338761892513,1.605550596346795,10
GoEmotions,Emollama-chat-13b,mondrian,0.6,interval_size,1.2984285145267624,0.04961660454782502,1.2629349338117832,1.3339220952417417,10
GoEmotions,Emollama-chat-13b,mondrian,0.7,interval_size,1.0938844818432656,0.028952092514827204,1.0731734025199706,1.1145955611665606,10
GoEmotions,Emollama-chat-13b,mondrian,0.8,interval_size,1.012530149581609,0.015596839345614457,1.001372842844133,1.023687456319085,10
GoEmotions,Emollama-chat-13b,mondrian,0.9,interval_size,1.0,0.0,1.0,1.0,10
GoEmotions,Emollama-chat-7b,global,0.1,interval_size,5.256221801357023,0.06443750247897065,5.210125988954051,5.302317613759996,10
GoEmotions,Emollama-chat-7b,global,0.2,interval_size,3.8284235498397847,0.06832199542115906,3.779548938584355,3.8772981610952146,10
GoEmotions,Emollama-chat-7b,global,0.3,interval_size,2.811302501577216,0.0664431025042583,2.7637719693455036,2.8588330338089287,10
GoEmotions,Emollama-chat-7b,global,0.4,interval_size,2.120734373464184,0.04058534049656373,2.091701369858079,2.1497673770702894,10
GoEmotions,Emollama-chat-7b,global,0.5,interval_size,1.5269686292591966,0.04061985170987875,1.4979109378183126,1.5560263207000806,10
GoEmotions,Emollama-chat-7b,global,0.6,interval_size,1.1754100829298104,0.018170916623459356,1.1624113922350805,1.1884087736245403,10
GoEmotions,Emollama-chat-7b,global,0.7,interval_size,1.0143074310616866,0.008277433883250638,1.0083861115694415,1.0202287505539318,10
GoEmotions,Emollama-chat-7b,global,0.8,interval_size,1.0,0.0,1.0,1.0,10
GoEmotions,Emollama-chat-7b,global,0.9,interval_size,1.0,0.0,1.0,1.0,10
GoEmotions,Emollama-chat-7b,hybrid,0.1,interval_size,5.023071454165926,0.29809064409320113,4.809830253303343,5.2363126550285095,10
GoEmotions,Emollama-chat-7b,hybrid,0.2,interval_size,3.442973215856225,0.19985442576640997,3.3000059721918897,3.5859404595205606,10
GoEmotions,Emollama-chat-7b,hybrid,0.3,interval_size,2.559355754677776,0.09020765478048566,2.4948250858575434,2.6238864234980084,10
GoEmotions,Emollama-chat-7b,hybrid,0.4,interval_size,1.9006697792038445,0.09328950351306034,1.8339344886095532,1.9674050697981358,10
GoEmotions,Emollama-chat-7b,hybrid,0.5,interval_size,1.5352131876074844,0.04215042796950325,1.505060587869136,1.5653657873458326,10
GoEmotions,Emollama-chat-7b,hybrid,0.6,interval_size,1.227442181502878,0.03083169874725532,1.2053865128806769,1.249497850125079,10
GoEmotions,Emollama-chat-7b,hybrid,0.7,interval_size,1.0530545620810097,0.020048246219413327,1.0387129106949977,1.0673962134670216,10
GoEmotions,Emollama-chat-7b,hybrid,0.8,interval_size,1.0034392890132673,0.0021084586362737794,1.0019309885668182,1.0049475894597164,10
GoEmotions,Emollama-chat-7b,hybrid,0.9,interval_size,1.0,0.0,1.0,1.0,10
GoEmotions,Emollama-chat-7b,mondrian,0.1,interval_size,5.143613201437627,0.35032475385860007,4.893005969426212,5.394220433449042,10
GoEmotions,Emollama-chat-7b,mondrian,0.2,interval_size,3.660464848228128,0.299508935823209,3.4462090625817767,3.874720633874479,10
GoEmotions,Emollama-chat-7b,mondrian,0.3,interval_size,2.765905217748045,0.10340904474125125,2.691930843450734,2.839879592045356,10
GoEmotions,Emollama-chat-7b,mondrian,0.4,interval_size,2.044787386883738,0.0938119458697127,1.9776783635416346,2.111896410225841,10
GoEmotions,Emollama-chat-7b,mondrian,0.5,interval_size,1.6070898690535327,0.03620115727522692,1.581193121191929,1.6329866169151364,10
GoEmotions,Emollama-chat-7b,mondrian,0.6,interval_size,1.2931991101280431,0.03565146758929999,1.267695586579418,1.3187026336766683,10
GoEmotions,Emollama-chat-7b,mondrian,0.7,interval_size,1.0953307134960284,0.030751147663374976,1.073332667647966,1.1173287593440908,10
GoEmotions,Emollama-chat-7b,mondrian,0.8,interval_size,1.0086449083634332,0.005159387359827895,1.0049541049849113,1.0123357117419551,10
GoEmotions,Emollama-chat-7b,mondrian,0.9,interval_size,1.000093196644921,0.0002947136682356238,0.9998823711870594,1.0003040221027824,10
GoEmotions,Emoopt-13b,global,0.1,interval_size,5.28680370553892,0.10116245533365241,5.214436444489254,5.359170966588585,10
GoEmotions,Emoopt-13b,global,0.2,interval_size,3.9200727030347813,0.11820909903852006,3.8355110076869163,4.004634398382646,10
GoEmotions,Emoopt-13b,global,0.3,interval_size,2.8129256700878016,0.1134072723028696,2.7317989946566437,2.8940523455189595,10
GoEmotions,Emoopt-13b,global,0.4,interval_size,1.9884942298633597,0.08928911450278022,1.9246206451742123,2.052367814552507,10
GoEmotions,Emoopt-13b,global,0.5,interval_size,1.2863335347558968,0.06006679533459417,1.2433643378927066,1.329302731619087,10
GoEmotions,Emoopt-13b,global,0.6,interval_size,1.0,0.0,1.0,1.0,10
GoEmotions,Emoopt-13b,global,0.7,interval_size,1.0,0.0,1.0,1.0,10
GoEmotions,Emoopt-13b,global,0.8,interval_size,1.0,0.0,1.0,1.0,10
GoEmotions,Emoopt-13b,global,0.9,interval_size,1.0,0.0,1.0,1.0,10
GoEmotions,Emoopt-13b,hybrid,0.1,interval_size,5.401249066195233,0.2600495006450274,5.215220860009993,5.587277272380473,10
GoEmotions,Emoopt-13b,hybrid,0.2,interval_size,4.08856871796112,0.22377211208316805,3.928491792214829,4.248645643707412,10
GoEmotions,Emoopt-13b,hybrid,0.3,interval_size,3.131617371850034,0.15202775230308457,3.022863269338138,3.2403714743619303,10
GoEmotions,Emoopt-13b,hybrid,0.4,interval_size,2.269086032714498,0.10364007726178733,2.1949463877081135,2.3432256777208824,10
GoEmotions,Emoopt-13b,hybrid,0.5,interval_size,1.5562896312530643,0.05642851241967823,1.5159231051989988,1.5966561573071298,10
GoEmotions,Emoopt-13b,hybrid,0.6,interval_size,1.220992303849538,0.025527520965393076,1.202731015434182,1.2392535922648942,10
GoEmotions,Emoopt-13b,hybrid,0.7,interval_size,1.0781100134946289,0.019389420916413224,1.0642396573389579,1.0919803696502999,10
GoEmotions,Emoopt-13b,hybrid,0.8,interval_size,1.0143727988979436,0.006761017526186897,1.0095362583190777,1.0192093394768096,10
GoEmotions,Emoopt-13b,hybrid,0.9,interval_size,1.0005844265774446,0.0008227242795058709,0.9999958850823758,1.0011729680725134,10
GoEmotions,Emoopt-13b,mondrian,0.1,interval_size,5.482615034117889,0.3197986900757876,5.253844832646149,5.711385235589629,10
GoEmotions,Emoopt-13b,mondrian,0.2,interval_size,4.237214728989348,0.37167437470905956,3.9713348982623238,4.503094559716372,10
GoEmotions,Emoopt-13b,mondrian,0.3,interval_size,3.359147040327895,0.24027090055964243,3.187267592304517,3.531026488351273,10
GoEmotions,Emoopt-13b,mondrian,0.4,interval_size,2.572113330670776,0.18856631721857864,2.437221113411678,2.707005547929874,10
GoEmotions,Emoopt-13b,mondrian,0.5,interval_size,1.8830952689565645,0.09546862191394147,1.8148011309652368,1.9513894069478923,10
GoEmotions,Emoopt-13b,mondrian,0.6,interval_size,1.4914259905974125,0.0748235960913609,1.4379004144025753,1.5449515667922498,10
GoEmotions,Emoopt-13b,mondrian,0.7,interval_size,1.2274872764220444,0.06161551058278394,1.1834101954106522,1.2715643574334365,10
GoEmotions,Emoopt-13b,mondrian,0.8,interval_size,1.0516091339586877,0.029863209756131708,1.0302462806246606,1.0729719872927148,10
GoEmotions,Emoopt-13b,mondrian,0.9,interval_size,1.0014604928791502,0.0017943957392500941,1.0001768594950016,1.0027441262632988,10
E-c,Emobloom-7b,global,0.1,ece,0.018806229243343454,0.008741252345694417,0.012553114010864175,0.025059344475822733,10
E-c,Emobloom-7b,global,0.2,ece,0.018428758081833606,0.0158973790429491,0.00705645819634566,0.02980105796732155,10
E-c,Emobloom-7b,global,0.3,ece,0.02642331420116306,0.018175739434288875,0.01342117347539991,0.039425454926926215,10
E-c,Emobloom-7b,global,0.4,ece,0.04039736669898275,0.016407844707828443,0.02865990167485344,0.05213483172311206,10
E-c,Emobloom-7b,global,0.5,ece,0.039781074631201424,0.022607489881632366,0.02360865061731419,0.05595349864508865,10
E-c,Emobloom-7b,global,0.6,ece,0.013302968586719782,0.007557688318844015,0.007896524054527308,0.018709413118912256,10
E-c,Emobloom-7b,global,0.7,ece,0.015363180239702873,0.008109921330630229,0.00956169200881439,0.021164668470591355,10
E-c,Emobloom-7b,global,0.8,ece,0.01707404335954085,0.012571681690394026,0.008080804042430315,0.026067282676651385,10
E-c,Emobloom-7b,global,0.9,ece,0.016677055629869146,0.013774248839836177,0.006823551597490457,0.026530559662247835,10
E-c,Emobloom-7b,hybrid,0.1,ece,0.03486905190388208,0.011685330604354074,0.026509869957300487,0.04322823385046367,10
E-c,Emobloom-7b,hybrid,0.2,ece,0.051305104648446495,0.018699278077288668,0.037928446938861674,0.06468176235803132,10
E-c,Emobloom-7b,hybrid,0.3,ece,0.0728192512502345,0.01747957327658341,0.06031511779310132,0.08532338470736768,10
E-c,Emobloom-7b,hybrid,0.4,ece,0.08847947066504298,0.014474473411963885,0.07812505614925001,0.09883388518083595,10
E-c,Emobloom-7b,hybrid,0.5,ece,0.08354650314950127,0.017990919645363493,0.07067657453610919,0.09641643176289334,10
E-c,Emobloom-7b,hybrid,0.6,ece,0.0698860224927283,0.022321198787607924,0.0539183987900744,0.08585364619538219,10
E-c,Emobloom-7b,hybrid,0.7,ece,0.060068176913540064,0.020000078650427466,0.04576098253064682,0.07437537129643332,10
E-c,Emobloom-7b,hybrid,0.8,ece,0.044426770420418496,0.022713846252657672,0.028178263642022455,0.060675277198814534,10
E-c,Emobloom-7b,hybrid,0.9,ece,0.04654196479736751,0.027104127867514823,0.02715283974654976,0.06593108984818526,10
E-c,Emobloom-7b,mondrian,0.1,ece,0.04300991768414177,0.0112815191584539,0.03493960504410201,0.05108023032418153,10
E-c,Emobloom-7b,mondrian,0.2,ece,0.06943087039227244,0.01829333989195631,0.0563446033669695,0.08251713741757538,10
E-c,Emobloom-7b,mondrian,0.3,ece,0.09954695148323033,0.019100428597882732,0.08588332797839773,0.11321057498806292,10
E-c,Emobloom-7b,mondrian,0.4,ece,0.12043109546944578,0.013807835283072306,0.11055356514295053,0.13030862579594102,10
E-c,Emobloom-7b,mondrian,0.5,ece,0.12487566305794404,0.018016706820158313,0.11198728741097656,0.1377640387049115,10
E-c,Emobloom-7b,mondrian,0.6,ece,0.09892495191490977,0.022579274420159508,0.0827727120262428,0.11507719180357674,10
E-c,Emobloom-7b,mondrian,0.7,ece,0.0745075415889797,0.017347231394704375,0.06209807981100018,0.0869170033669592,10
E-c,Emobloom-7b,mondrian,0.8,ece,0.056688020774116464,0.024388445358122096,0.03924157796086455,0.07413446358736839,10
E-c,Emobloom-7b,mondrian,0.9,ece,0.04623379984071087,0.029423066490246626,0.025185806031558833,0.0672817936498629,10
E-c,Emollama-7b,global,0.1,ece,0.01760356714126691,0.008907517657106762,0.011231512870042508,0.023975621412491308,10
E-c,Emollama-7b,global,0.2,ece,0.012778358558472203,0.009440199207921161,0.0060252468611801425,0.019531470255764263,10
E-c,Emollama-7b,global,0.3,ece,0.01849148937401517,0.012972817215485799,0.009211294988792976,0.027771683759237362,10
E-c,Emollama-7b,global,0.4,ece,0.01997280449780279,0.016086856885666728,0.008464960328995016,0.03148064866661056,10
E-c,Emollama-7b,global,0.5,ece,0.018920001473767694,0.017646275461680242,0.006296616457282149,0.03154338649025324,10
E-c,Emollama-7b,global,0.6,ece,0.023413194815911004,0.013002818459436334,0.014111538833640554,0.032714850798181455,10
E-c,Emollama-7b,global,0.7,ece,0.027173196091098167,0.016740808801396577,0.015197542903188742,0.039148849279007594,10
E-c,Emollama-7b,global,0.8,ece,0.026391104290870614,0.017420355428485006,0.013929332730332398,0.03885287585140883,10
E-c,Emollama-7b,global,0.9,ece,0.029166777971340895,0.022217273737110185,0.013273497771265748,0.04506005817141604,10
E-c,Emollama-7b,hybrid,0.1,ece,0.03090217586964018,0.012452778298021652,0.02199399491540866,0.0398103568238717,10
E-c,Emollama-7b,hybrid,0.2,ece,0.04434411124815953,0.01696034183540216,0.03221141358828164,0.056476808908037426,10
E-c,Emollama-7b,hybrid,0.3,ece,0.05839013984759438,0.018838924825458233,0.04491358487230765,0.0718666948228811,10
E-c,Emollama-7b,hybrid,0.4,ece,0.07749235374771461,0.02173671673263986,0.06194284331950838,0.09304186417592085,10
E-c,Emollama-7b,hybrid,0.5,ece,0.08050765257338069,0.023012547717132244,0.06404546763954393,0.09696983750721745,10
E-c,Emollama-7b,hybrid,0.6,ece,0.07832561120625706,0.02350818324347435,0.061508869975798304,0.09514235243671582,10
E-c,Emollama-7b,hybrid,0.7,ece,0.08074033995571968,0.0316077341806558,0.05812952902694385,0.10335115088449551,10
E-c,Emollama-7b,hybrid,0.8,ece,0.06280781890333358,0.04209979601555713,0.03269143908290438,0.09292419872376277,10
E-c,Emollama-7b,hybrid,0.9,ece,0.0526086229351071,0.023835791470242985,0.03555752489717081,0.06965972097304338,10
E-c,Emollama-7b,mondrian,0.1,ece,0.042851511959086486,0.011004544112843278,0.034979335330710716,0.050723688587462255,10
E-c,Emollama-7b,mondrian,0.2,ece,0.06794003363082454,0.0177179679492856,0.05526536289822302,0.08061470436342606,10
E-c,Emollama-7b,mondrian,0.3,ece,0.09240236061735978,0.01923323047526133,0.07864373637241617,0.10616098486230338,10
E-c,Emollama-7b,mondrian,0.4,ece,0.11273580409361346,0.021001192394096608,0.09771245608050665,0.12775915210672026,10
E-c,Emollama-7b,mondrian,0.5,ece,0.11467395220521728,0.02277369890298506,0.09838262942006784,0.13096527499036673,10
E-c,Emollama-7b,mondrian,0.6,ece,0.10008362498765906,0.023271015896174137,0.08343654305696646,0.11673070691835166,10
E-c,Emollama-7b,mondrian,0.7,ece,0.093457253282925,0.03222888287544244,0.0704020993456879,0.11651240722016211,10
E-c,Emollama-7b,mondrian,0.8,ece,0.07395918403838589,0.034270834765869694,0.049443305714635705,0.09847506236213607,10
E-c,Emollama-7b,mondrian,0.9,ece,0.05230375636570737,0.025764206345985283,0.03387315342879818,0.07073435930261655,10
E-c,Emollama-chat-13b,global,0.1,ece,0.014051005740377088,0.011731866430493055,0.005658534069191106,0.02244347741156307,10
E-c,Emollama-chat-13b,global,0.2,ece,0.016732071890942214,0.010105870408431895,0.009502767703247251,0.023961376078637176,10
E-c,Emollama-chat-13b,global,0.3,ece,0.021800796700457547,0.01236437957951037,0.012955852379993598,0.030645741020921498,10
E-c,Emollama-chat-13b,global,0.4,ece,0.024885521284491608,0.013407831989856187,0.015294136076216599,0.03447690649276662,10
E-c,Emollama-chat-13b,global,0.5,ece,0.024752205488589713,0.02098735789342172,0.009738754081081586,0.03976565689609784,10
E-c,Emollama-chat-13b,global,0.6,ece,0.02239780531572074,0.019876779733536337,0.008178813664526446,0.036616796966915034,10
E-c,Emollama-chat-13b,global,0.7,ece,0.023640488918535478,0.014112985723113751,0.01354466711739121,0.033736310719679745,10
E-c,Emollama-chat-13b,global,0.8,ece,0.01856960324693018,0.011105126617133903,0.010625474229488513,0.02651373226437185,10
E-c,Emollama-chat-13b,global,0.9,ece,0.029619782222681558,0.017308535206491487,0.017238002030175552,0.042001562415187564,10
E-c,Emollama-chat-13b,hybrid,0.1,ece,0.03871936038482132,0.009905701937855347,0.03163324809491442,0.045805472674728225,10
E-c,Emollama-chat-13b,hybrid,0.2,ece,0.05598136021571035,0.018368829063411477,0.04284109149027962,0.06912162894114109,10
E-c,Emollama-chat-13b,hybrid,0.3,ece,0.07248353517037934,0.021579403560975038,0.05704655980592647,0.08792051053483221,10
E-c,Emollama-chat-13b,hybrid,0.4,ece,0.07243702966018098,0.024174336034017245,0.055143751430563964,0.089730307889798,10
E-c,Emollama-chat-13b,hybrid,0.5,ece,0.08602838245379983,0.02768690253446817,0.06622236552034196,0.10583439938725771,10
E-c,Emollama-chat-13b,hybrid,0.6,ece,0.09134762633996935,0.029385737161008025,0.07032633632428406,0.11236891635565463,10
E-c,Emollama-chat-13b,hybrid,0.7,ece,0.08578716447918522,0.03369197007023057,0.06168538101309332,0.10988894794527712,10
E-c,Emollama-chat-13b,hybrid,0.8,ece,0.058775213972322216,0.024405884429313726,0.041316295999059345,0.07623413194558509,10
E-c,Emollama-chat-13b,hybrid,0.9,ece,0.0513709730455942,0.0190146116630774,0.03776873927772535,0.06497320681346305,10
E-c,Emollama-chat-13b,mondrian,0.1,ece,0.04760449647215773,0.00993613907553252,0.04049661076561494,0.054712382178700524,10
E-c,Emollama-chat-13b,mondrian,0.2,ece,0.07605318539257222,0.01446987018000258,0.06570206383055263,0.08640430695459181,10
E-c,Emollama-chat-13b,mondrian,0.3,ece,0.10021397232217519,0.018738351885374736,0.08680936289413274,0.11361858175021763,10
E-c,Emollama-chat-13b,mondrian,0.4,ece,0.107217044504364,0.02294261033189071,0.09080488976204654,0.12362919924668148,10
E-c,Emollama-chat-13b,mondrian,0.5,ece,0.1134532455209087,0.026540801973326186,0.09446709953882085,0.13243939150299655,10
E-c,Emollama-chat-13b,mondrian,0.6,ece,0.11126537265475997,0.029694065646759568,0.09002351772747938,0.13250722758204056,10
E-c,Emollama-chat-13b,mondrian,0.7,ece,0.09513124888433745,0.03639733940973905,0.06909416077797906,0.12116833699069585,10
E-c,Emollama-chat-13b,mondrian,0.8,ece,0.0616867407623146,0.024565343192835574,0.044113752861346014,0.07925972866328318,10
E-c,Emollama-chat-13b,mondrian,0.9,ece,0.05137073816928008,0.017616979738101713,0.038768310050972365,0.0639731662875878,10
E-c,Emollama-chat-7b,global,0.1,ece,0.012239969678422091,0.011044574773933481,0.0043391568401841656,0.020140782516660016,10
E-c,Emollama-chat-7b,global,0.2,ece,0.01616697218000913,0.012213459345857238,0.007429989690942322,0.02490395466907594,10
E-c,Emollama-chat-7b,global,0.3,ece,0.02065148495126884,0.022174570566946605,0.004788752758877805,0.03651421714365988,10
E-c,Emollama-chat-7b,global,0.4,ece,0.022685171290846608,0.014380104122397753,0.012398264498057978,0.03297207808363524,10
E-c,Emollama-chat-7b,global,0.5,ece,0.021619668157641353,0.015434792579982112,0.01057828269305356,0.032661053622229146,10
E-c,Emollama-chat-7b,global,0.6,ece,0.023472181567040444,0.015430978582244854,0.012433524472073423,0.034510838662007465,10
E-c,Emollama-chat-7b,global,0.7,ece,0.01291265972023779,0.008285984181342012,0.006985223713204639,0.01884009572727094,10
E-c,Emollama-chat-7b,global,0.8,ece,0.01277500210074305,0.009787169542249143,0.0057736827786163845,0.019776321422869714,10
E-c,Emollama-chat-7b,global,0.9,ece,0.020515432933548943,0.015254292615504612,0.009603169365080782,0.031427696502017106,10
E-c,Emollama-chat-7b,hybrid,0.1,ece,0.031564424709447335,0.012792107041233566,0.022413502595358833,0.040715346823535836,10
E-c,Emollama-chat-7b,hybrid,0.2,ece,0.046045200760392,0.01866999615432611,0.03268949007661907,0.059400911444164935,10
E-c,Emollama-chat-7b,hybrid,0.3,ece,0.06298445325526628,0.028076116335978153,0.042900009540992254,0.0830688969695403,10
E-c,Emollama-chat-7b,hybrid,0.4,ece,0.07037973082823544,0.025002486308343706,0.052494029580682854,0.08826543207578802,10
E-c,Emollama-chat-7b,hybrid,0.5,ece,0.08069050258903689,0.02214954103407994,0.06484567544583568,0.09653532973223809,10
E-c,Emollama-chat-7b,hybrid,0.6,ece,0.0870112217798198,0.02171968108438432,0.07147389792024117,0.10254854563939844,10
E-c,Emollama-chat-7b,hybrid,0.7,ece,0.08085919188186505,0.019761959376900506,0.06672233776573824,0.09499604599799186,10
E-c,Emollama-chat-7b,hybrid,0.8,ece,0.042278120258827066,0.017502752814434593,0.029757405159214427,0.054798835358439706,10
E-c,Emollama-chat-7b,hybrid,0.9,ece,0.05091577541084186,0.020018797322761368,0.036595190496423624,0.06523636032526009,10
E-c,Emollama-chat-7b,mondrian,0.1,ece,0.04079215670062412,0.010287963411693912,0.03343259102551351,0.04815172237573472,10
E-c,Emollama-chat-7b,mondrian,0.2,ece,0.064960560563378,0.018099560159094422,0.05201291520821838,0.07790820591853762,10
E-c,Emollama-chat-7b,mondrian,0.3,ece,0.09143925777820619,0.02599483708964919,0.0728436715460838,0.11003484401032858,10
E-c,Emollama-chat-7b,mondrian,0.4,ece,0.10345255741792733,0.0237992850428917,0.08642757450490975,0.12047754033094492,10
E-c,Emollama-chat-7b,mondrian,0.5,ece,0.110073127993436,0.02271792517070428,0.09382170333284637,0.12632455265402565,10
E-c,Emollama-chat-7b,mondrian,0.6,ece,0.11285395603973761,0.023007723489222025,0.0963952221506525,0.12931268992882272,10
E-c,Emollama-chat-7b,mondrian,0.7,ece,0.0933127455646376,0.019224707051426957,0.07956021860979659,0.10706527251947862,10
E-c,Emollama-chat-7b,mondrian,0.8,ece,0.0595054146219008,0.019524778219233468,0.045538229684881415,0.07347259955892019,10
E-c,Emollama-chat-7b,mondrian,0.9,ece,0.04983600479434808,0.020104401855792767,0.035454182086041924,0.06421782750265423,10
E-c,Emoopt-13b,global,0.1,ece,0.019462180215898316,0.013219386352981739,0.010005600895364813,0.028918759536431818,10
E-c,Emoopt-13b,global,0.2,ece,0.016217833688779482,0.009086203026279192,0.009717955604718508,0.022717711772840456,10
E-c,Emoopt-13b,global,0.3,ece,0.013796164939542822,0.01475963174140841,0.0032377604434816066,0.02435456943560404,10
E-c,Emoopt-13b,global,0.4,ece,0.016976061406063593,0.01724464081989668,0.004639988504262074,0.029312134307865112,10
E-c,Emoopt-13b,global,0.5,ece,0.02374881387461363,0.01897849123150929,0.0101724191069143,0.03732520864231296,10
E-c,Emoopt-13b,global,0.6,ece,0.023441219853625073,0.0257595342302221,0.005013959146992656,0.04186848056025749,10
E-c,Emoopt-13b,global,0.7,ece,0.02881176072680125,0.020464973352953383,0.014172000707898693,0.043451520745703805,10
E-c,Emoopt-13b,global,0.8,ece,0.02234674320502824,0.01299235402193867,0.013052573030389026,0.03164091337966746,10
E-c,Emoopt-13b,global,0.9,ece,0.016986865716513692,0.009993656148236208,0.009837834774800087,0.024135896658227296,10
E-c,Emoopt-13b,hybrid,0.1,ece,0.023512528302595835,0.017018692051274004,0.011338089412828108,0.03568696719236356,10
E-c,Emoopt-13b,hybrid,0.2,ece,0.03292824998355862,0.020614803480028625,0.01818130794852768,0.047675192018589566,10
E-c,Emoopt-13b,hybrid,0.3,ece,0.04353253976456002,0.020962546931146808,0.028536837050259473,0.05852824247886057,10
E-c,Emoopt-13b,hybrid,0.4,ece,0.04674466126137977,0.018945971062317952,0.03319153002129538,0.060297792501464165,10
E-c,Emoopt-13b,hybrid,0.5,ece,0.05195675457304185,0.01847235132565321,0.03874243048239296,0.06517107866369073,10
E-c,Emoopt-13b,hybrid,0.6,ece,0.057996129238343075,0.02094050185009002,0.04301619662501957,0.07297606185166658,10
E-c,Emoopt-13b,hybrid,0.7,ece,0.062042343501911845,0.02537172975170543,0.043892501407159536,0.08019218559666416,10
E-c,Emoopt-13b,hybrid,0.8,ece,0.06302671013444325,0.02383789260941277,0.04597410903209141,0.08007931123679508,10
E-c,Emoopt-13b,hybrid,0.9,ece,0.053892840030439995,0.021058340410258558,0.0388286107893082,0.06895706927157179,10
E-c,Emoopt-13b,mondrian,0.1,ece,0.030717359238624918,0.016428782839128676,0.01896491597767149,0.042469802499578345,10
E-c,Emoopt-13b,mondrian,0.2,ece,0.046723710294159046,0.021234584108713678,0.031533403906200456,0.061914016682117635,10
E-c,Emoopt-13b,mondrian,0.3,ece,0.06180229990886801,0.021944202019374925,0.046104363447904875,0.07750023636983114,10
E-c,Emoopt-13b,mondrian,0.4,ece,0.06737661947218596,0.021558681284315078,0.05195446793144959,0.08279877101292232,10
E-c,Emoopt-13b,mondrian,0.5,ece,0.07510123169139132,0.019938089840288213,0.06083838143192519,0.08936408195085746,10
E-c,Emoopt-13b,mondrian,0.6,ece,0.08558704985954393,0.017365521799650847,0.07316450391407263,0.09800959580501524,10
E-c,Emoopt-13b,mondrian,0.7,ece,0.09560992681254046,0.02143247806608666,0.08027805561552175,0.11094179800955918,10
E-c,Emoopt-13b,mondrian,0.8,ece,0.08877596557652745,0.029127947467288397,0.06793908719853711,0.10961284395451779,10
E-c,Emoopt-13b,mondrian,0.9,ece,0.06784143969785512,0.020567775860094478,0.05312813919551627,0.08255474020019397,10
GoEmotions,Emobloom-7b,global,0.1,ece,0.01904407133675291,0.007985368718375145,0.01333168267719999,0.02475645999630583,10
GoEmotions,Emobloom-7b,global,0.2,ece,0.04252198447156065,0.014448247459969739,0.032186330871642806,0.052857638071478495,10
GoEmotions,Emobloom-7b,global,0.3,ece,0.0627585847030038,0.015293540580089325,0.05181824483202398,0.07369892457398362,10
GoEmotions,Emobloom-7b,global,0.4,ece,0.08344823234035337,0.013081171780522295,0.07409052576873695,0.09280593891196978,10
GoEmotions,Emobloom-7b,global,0.5,ece,0.01887296402211036,0.013041808293303285,0.00954341639291985,0.028202511651300874,10
GoEmotions,Emobloom-7b,global,0.6,ece,0.04465069199656784,0.01647930673790767,0.032862106115705406,0.05643927787743028,10
GoEmotions,Emobloom-7b,global,0.7,ece,0.1188984917074831,0.015594320546071787,0.10774298681065478,0.1300539966043114,10
GoEmotions,Emobloom-7b,global,0.8,ece,0.20828305826769075,0.014306396129486233,0.1980488789966579,0.2185172375387236,10
GoEmotions,Emobloom-7b,global,0.9,ece,0.3082830582676908,0.014306396129486235,0.298048878996658,0.31851723753872363,10
GoEmotions,Emobloom-7b,hybrid,0.1,ece,0.034642425508743024,0.009244566241290789,0.02802926120516899,0.04125558981231706,10
GoEmotions,Emobloom-7b,hybrid,0.2,ece,0.04354135054094517,0.016096009507593195,0.032026958980834394,0.055055742101055946,10
GoEmotions,Emobloom-7b,hybrid,0.3,ece,0.009383402876198632,0.010272811324716524,0.0020346763511474384,0.016732129401249823,10
GoEmotions,Emobloom-7b,hybrid,0.4,ece,0.017942758364111654,0.01657300109043643,0.006087147581115665,0.029798369147107644,10
GoEmotions,Emobloom-7b,hybrid,0.5,ece,0.038623831949268515,0.014360685035902637,0.02835081673411215,0.048896847164424884,10
GoEmotions,Emobloom-7b,hybrid,0.6,ece,0.07097158650275662,0.024553115949079433,0.053407345445050186,0.08853582756046305,10
GoEmotions,Emobloom-7b,hybrid,0.7,ece,0.07164693860486523,0.02754748597861061,0.05194065426744918,0.09135322294228129,10
GoEmotions,Emobloom-7b,hybrid,0.8,ece,0.14200535302816503,0.026027440516903845,0.12338644370919713,0.16062426234713292,10
GoEmotions,Emobloom-7b,hybrid,0.9,ece,0.3021158401131238,0.022396372148733287,0.28609444062744255,0.3181372395988051,10
GoEmotions,Emobloom-7b,mondrian,0.1,ece,0.039164517535107427,0.009920161715177985,0.03206806134363372,0.04626097372658113,10
GoEmotions,Emobloom-7b,mondrian,0.2,ece,0.05775560345031078,0.01527612929178388,0.04682771886466241,0.06868348803595914,10
GoEmotions,Emobloom-7b,mondrian,0.3,ece,0.022199859154693212,0.013692668138489829,0.012404714440418005,0.03199500386896842,10
GoEmotions,Emobloom-7b,mondrian,0.4,ece,0.03518423086776599,0.018083216971275618,0.022248276724878422,0.04812018501065356,10
GoEmotions,Emobloom-7b,mondrian,0.5,ece,0.042601611424805806,0.016108444581614603,0.031078324348617344,0.054124898500994265,10
GoEmotions,Emobloom-7b,mondrian,0.6,ece,0.055743092549063476,0.02514054123624913,0.037758632755428026,0.07372755234269893,10
GoEmotions,Emobloom-7b,mondrian,0.7,ece,0.07451686698395235,0.027439762063769597,0.054887643692957906,0.0941460902749468,10
GoEmotions,Emobloom-7b,mondrian,0.8,ece,0.14145159147759853,0.025920850420121058,0.12290893212047417,0.1599942508347229,10
GoEmotions,Emobloom-7b,mondrian,0.9,ece,0.27173550032657146,0.028599524107468556,0.2512766332483138,0.2921943674048291,10
GoEmotions,Emollama-7b,global,0.1,ece,0.006774694311072582,0.004142055367028193,0.0038116463992828964,0.009737742222862267,10
GoEmotions,Emollama-7b,global,0.2,ece,0.008194991066976243,0.004556567005781418,0.004935419391791892,0.011454562742160593,10
GoEmotions,Emollama-7b,global,0.3,ece,0.010613592377613047,0.007206288853018933,0.005458523880059159,0.015768660875166936,10
GoEmotions,Emollama-7b,global,0.4,ece,0.01323191141130603,0.013626627802397453,0.0034840091075282933,0.022979813715083765,10
GoEmotions,Emollama-7b,global,0.5,ece,0.016264718076295665,0.012703233167104852,0.007177372501827076,0.025352063650764256,10
GoEmotions,Emollama-7b,global,0.6,ece,0.038471306987261686,0.013673672580583508,0.028689750876517865,0.048252863098005506,10
GoEmotions,Emollama-7b,global,0.7,ece,0.09223102351593787,0.012313380764889033,0.0834225615497105,0.10103948548216524,10
GoEmotions,Emollama-7b,global,0.8,ece,0.16347027624448368,0.008603754419519216,0.1573155211030529,0.16962503138591445,10
GoEmotions,Emollama-7b,global,0.9,ece,0.26337785480270914,0.008511981649307755,0.2572887499462308,0.2694669596591875,10
GoEmotions,Emollama-7b,hybrid,0.1,ece,0.017209241974000856,0.009166059210557251,0.010652238217030693,0.023766245730971018,10
GoEmotions,Emollama-7b,hybrid,0.2,ece,0.023615586254257935,0.014309393335935082,0.013379262910893244,0.033851909597622624,10
GoEmotions,Emollama-7b,hybrid,0.3,ece,0.018828309815467126,0.012397732699374856,0.009959506110371857,0.027697113520562394,10
GoEmotions,Emollama-7b,hybrid,0.4,ece,0.016802124435264475,0.012930911735674453,0.007551907424424083,0.026052341446104868,10
GoEmotions,Emollama-7b,hybrid,0.5,ece,0.03670918872082646,0.014942009854365387,0.02602031878216035,0.047398058659492565,10
GoEmotions,Emollama-7b,hybrid,0.6,ece,0.05761564855545587,0.019849412830107806,0.04341623400762469,0.07181506310328704,10
GoEmotions,Emollama-7b,hybrid,0.7,ece,0.05513112126379234,0.025379578629670486,0.03697566441998347,0.07328657810760121,10
GoEmotions,Emollama-7b,hybrid,0.8,ece,0.15512876629177705,0.02018465035448285,0.14068953726573774,0.16956799531781636,10
GoEmotions,Emollama-7b,hybrid,0.9,ece,0.24820517037291756,0.011460315309296566,0.24000695467160837,0.25640338607422675,10
GoEmotions,Emollama-7b,mondrian,0.1,ece,0.027124845781208995,0.007865712963516038,0.021498053692235786,0.032751637870182204,10
GoEmotions,Emollama-7b,mondrian,0.2,ece,0.035732362156462874,0.013727083911943846,0.025912597880972405,0.045552126431953346,10
GoEmotions,Emollama-7b,mondrian,0.3,ece,0.036037969709879616,0.010757426344545282,0.028342570483648244,0.04373336893611099,10
GoEmotions,Emollama-7b,mondrian,0.4,ece,0.034399817711919446,0.016681333435802453,0.022466710637523958,0.046332924786314934,10
GoEmotions,Emollama-7b,mondrian,0.5,ece,0.032465644289798756,0.0170551281842039,0.020265140560712117,0.044666148018885396,10
GoEmotions,Emollama-7b,mondrian,0.6,ece,0.03651535169024488,0.024448507085624398,0.0190259433054386,0.05400476007505115,10
GoEmotions,Emollama-7b,mondrian,0.7,ece,0.05707550270206274,0.022926782451081505,0.04067467054358931,0.07347633486053617,10
GoEmotions,Emollama-7b,mondrian,0.8,ece,0.15355699809187773,0.020900695511805012,0.1386055412175485,0.16850845496620695,10
GoEmotions,Emollama-7b,mondrian,0.9,ece,0.25061027556174037,0.010829790880809025,0.24286310986474408,0.25835744125873666,10
GoEmotions,Emollama-chat-13b,global,0.1,ece,0.006385589424293047,0.005402356507692762,0.0025209763879039796,0.010250202460682116,10
GoEmotions,Emollama-chat-13b,global,0.2,ece,0.010191634613598965,0.006516882835620964,0.005529737471620632,0.014853531755577298,10
GoEmotions,Emollama-chat-13b,global,0.3,ece,0.013109014940749019,0.009415569233014747,0.006373522466100582,0.019844507415397457,10
GoEmotions,Emollama-chat-13b,global,0.4,ece,0.017341710175255397,0.012300122536928963,0.008542732573960442,0.02614068777655035,10
GoEmotions,Emollama-chat-13b,global,0.5,ece,0.02040685920773202,0.017674209978961925,0.007763491041393572,0.033050227374070464,10
GoEmotions,Emollama-chat-13b,global,0.6,ece,0.06153252213964203,0.019614773221244025,0.04750095865642996,0.0755640856228541,10
GoEmotions,Emollama-chat-13b,global,0.7,ece,0.12108075685105449,0.017499245249349253,0.10856255091234884,0.13359896278976013,10
GoEmotions,Emollama-chat-13b,global,0.8,ece,0.21398525284868403,0.01631102152322342,0.2023170509583217,0.22565345473904636,10
GoEmotions,Emollama-chat-13b,global,0.9,ece,0.31398525284868406,0.01631102152322342,0.30231705095832173,0.3256534547390464,10
GoEmotions,Emollama-chat-13b,hybrid,0.1,ece,0.0250878528542395,0.008159176228275593,0.019251129792166657,0.03092457591631234,10
GoEmotions,Emollama-chat-13b,hybrid,0.2,ece,0.03534251115355308,0.011115767880434835,0.02739076983492065,0.04329425247218551,10
GoEmotions,Emollama-chat-13b,hybrid,0.3,ece,0.026802445907189477,0.010598181373130455,0.019220963671003618,0.034383928143375334,10
GoEmotions,Emollama-chat-13b,hybrid,0.4,ece,0.015958572038300776,0.014790363218878957,0.005378183567599781,0.02653896050900177,10
GoEmotions,Emollama-chat-13b,hybrid,0.5,ece,0.02897982212375528,0.02073482768528578,0.01414701994460787,0.04381262430290269,10
GoEmotions,Emollama-chat-13b,hybrid,0.6,ece,0.04946965337591352,0.02463345408353656,0.031847941878908964,0.06709136487291807,10
GoEmotions,Emollama-chat-13b,hybrid,0.7,ece,0.07538275141134176,0.021963042939765903,0.05967133696786177,0.09109416585482176,10
GoEmotions,Emollama-chat-13b,hybrid,0.8,ece,0.17906964446328025,0.024104461110732254,0.16182635174259055,0.19631293718396994,10
GoEmotions,Emollama-chat-13b,hybrid,0.9,ece,0.30338948120112363,0.01852806532351853,0.2901353017173416,0.3166436606849057,10
GoEmotions,Emollama-chat-13b,mondrian,0.1,ece,0.027207075077599528,0.008961170593588244,0.020796639807736546,0.033617510347462506,10
GoEmotions,Emollama-chat-13b,mondrian,0.2,ece,0.04298973706823399,0.011305017584345768,0.034902614666952624,0.05107685946951535,10
GoEmotions,Emollama-chat-13b,mondrian,0.3,ece,0.037674970165695806,0.009664185885260652,0.030761628051919558,0.044588312279472055,10
GoEmotions,Emollama-chat-13b,mondrian,0.4,ece,0.02784390308704372,0.015392650422417461,0.01683266430590305,0.03885514186818439,10
GoEmotions,Emollama-chat-13b,mondrian,0.5,ece,0.03699622146309302,0.022937683615374793,0.020587591081459064,0.05340485184472697,10
GoEmotions,Emollama-chat-13b,mondrian,0.6,ece,0.0465179648906757,0.024967311976028323,0.02865742584465845,0.06437850393669295,10
GoEmotions,Emollama-chat-13b,mondrian,0.7,ece,0.07750163447862547,0.022291770644962218,0.061555062401043595,0.09344820655620735,10
GoEmotions,Emollama-chat-13b,mondrian,0.8,ece,0.1824790206287378,0.024222406848838498,0.1651513546097619,0.1998066866477137,10
GoEmotions,Emollama-chat-13b,mondrian,0.9,ece,0.30292899164702114,0.019050574855932177,0.2893010313607822,0.31655695193326006,10
GoEmotions,Emollama-chat-7b,global,0.1,ece,0.008547633684226296,0.005700721997938714,0.0044695828338811895,0.012625684534571403,10
GoEmotions,Emollama-chat-7b,global,0.2,ece,0.008976796843820356,0.007000312496080674,0.003969074955672572,0.01398451873196814,10
GoEmotions,Emollama-chat-7b,global,0.3,ece,0.013436513358656078,0.01094559708181882,0.005606504896011163,0.021266521821300993,10
GoEmotions,Emollama-chat-7b,global,0.4,ece,0.013394931816247457,0.01594773508293789,0.0019866093897953057,0.024803254242699607,10
GoEmotions,Emollama-chat-7b,global,0.5,ece,0.015710109669161428,0.012224216261621563,0.0069654321461154745,0.02445478719220738,10
GoEmotions,Emollama-chat-7b,global,0.6,ece,0.027526047809382653,0.01685969294228643,0.015465350030275181,0.039586745588490124,10
GoEmotions,Emollama-chat-7b,global,0.7,ece,0.07866437957740961,0.018678474270974618,0.06530260401434239,0.09202615514047684,10
GoEmotions,Emollama-chat-7b,global,0.8,ece,0.17281148191849763,0.016620248161327913,0.1609220726170517,0.18470089121994357,10
GoEmotions,Emollama-chat-7b,global,0.9,ece,0.2728114819184976,0.016620248161327913,0.26092207261705164,0.2847008912199435,10
GoEmotions,Emollama-chat-7b,hybrid,0.1,ece,0.02242041646932098,0.008054933583041794,0.01665826410341463,0.02818256883522733,10
GoEmotions,Emollama-chat-7b,hybrid,0.2,ece,0.02251285584065066,0.013790409926433609,0.012647790863366221,0.0323779208179351,10
GoEmotions,Emollama-chat-7b,hybrid,0.3,ece,0.018251987435952688,0.015257583230231046,0.007337369903515025,0.029166604968390353,10
GoEmotions,Emollama-chat-7b,hybrid,0.4,ece,0.017130733058768555,0.013004415870226034,0.007827934357657993,0.026433531759879114,10
GoEmotions,Emollama-chat-7b,hybrid,0.5,ece,0.0380866105060938,0.022966087761374418,0.021657661022460313,0.054515559989727284,10
GoEmotions,Emollama-chat-7b,hybrid,0.6,ece,0.024629269621587523,0.02334559090890209,0.007928839940525807,0.041329699302649237,10
GoEmotions,Emollama-chat-7b,hybrid,0.7,ece,0.06175408516793042,0.026329575895303606,0.042919041219480855,0.08058912911637998,10
GoEmotions,Emollama-chat-7b,hybrid,0.8,ece,0.15079811597209014,0.02334510729904154,0.13409803224468198,0.1674981996994983,10
GoEmotions,Emollama-chat-7b,hybrid,0.9,ece,0.2573923411303159,0.020591542818276187,0.24266203877030743,0.2721226434903244,10
GoEmotions,Emollama-chat-7b,mondrian,0.1,ece,0.03012990761924288,0.006618705421447054,0.025395170987308265,0.034864644251177496,10
GoEmotions,Emollama-chat-7b,mondrian,0.2,ece,0.03862801810456162,0.014517913024064428,0.028242528762259068,0.04901350744686418,10
GoEmotions,Emollama-chat-7b,mondrian,0.3,ece,0.04683325379003804,0.018550710797156648,0.03356287471029957,0.06010363286977651,10
GoEmotions,Emollama-chat-7b,mondrian,0.4,ece,0.03664917592819526,0.018406862969224193,0.023481699385579695,0.04981665247081083,10
GoEmotions,Emollama-chat-7b,mondrian,0.5,ece,0.033438326863811776,0.025048313068469764,0.015519843126923942,0.05135681060069961,10
GoEmotions,Emollama-chat-7b,mondrian,0.6,ece,0.030506328866402015,0.027140929699368144,0.011090877371014975,0.049921780361789056,10
GoEmotions,Emollama-chat-7b,mondrian,0.7,ece,0.06975015612179832,0.022707446060118673,0.0535062277653347,0.08599408447826193,10
GoEmotions,Emollama-chat-7b,mondrian,0.8,ece,0.15609268391888195,0.0262553747485443,0.1373107202731989,0.174874647564565,10
GoEmotions,Emollama-chat-7b,mondrian,0.9,ece,0.2577640936290326,0.0221371088184435,0.24192815995714365,0.27360002730092153,10
GoEmotions,Emoopt-13b,global,0.1,ece,0.008805836392274202,0.006516442572521031,0.004144254195544858,0.013467418589003546,10
GoEmotions,Emoopt-13b,global,0.2,ece,0.013962099962467856,0.009163278474686008,0.007407085424106917,0.020517114500828795,10
GoEmotions,Emoopt-13b,global,0.3,ece,0.013853261686207607,0.012153662669977413,0.005159055162186578,0.022547468210228634,10
GoEmotions,Emoopt-13b,global,0.4,ece,0.017009026458188713,0.013321655941765603,0.0074792878810460844,0.02653876503533134,10
GoEmotions,Emoopt-13b,global,0.5,ece,0.013426984009951837,0.01220080617222748,0.004699053056023745,0.022154914963879932,10
GoEmotions,Emoopt-13b,global,0.6,ece,0.04625868165620774,0.01527928389929768,0.03532854040028869,0.057188822912126784,10
GoEmotions,Emoopt-13b,global,0.7,ece,0.14625868165620773,0.01527928389929768,0.1353285404002887,0.15718882291212677,10
GoEmotions,Emoopt-13b,global,0.8,ece,0.24625868165620785,0.015279283899297681,0.2353285404002888,0.2571888229121269,10
GoEmotions,Emoopt-13b,global,0.9,ece,0.34625868165620777,0.01527928389929768,0.3353285404002887,0.35718882291212684,10
GoEmotions,Emoopt-13b,hybrid,0.1,ece,0.019643659227174724,0.010378171882939661,0.012219562299179823,0.027067756155169626,10
GoEmotions,Emoopt-13b,hybrid,0.2,ece,0.03163941489730245,0.015213735072876216,0.02075616444704343,0.042522665347561474,10
GoEmotions,Emoopt-13b,hybrid,0.3,ece,0.03649030760566824,0.014231227198014677,0.026309900948879344,0.04667071426245713,10
GoEmotions,Emoopt-13b,hybrid,0.4,ece,0.02200120472455388,0.012798400757064714,0.012845780357381237,0.03115662909172652,10
GoEmotions,Emoopt-13b,hybrid,0.5,ece,0.013152515732646124,0.010937365050480076,0.005328396110469693,0.020976635354822554,10
GoEmotions,Emoopt-13b,hybrid,0.6,ece,0.07946266650649558,0.016261417294529665,0.06782994934369556,0.09109538366929561,10
GoEmotions,Emoopt-13b,hybrid,0.7,ece,0.15325305920622384,0.013560551512296425,0.14355242503289195,0.16295369337955573,10
GoEmotions,Emoopt-13b,hybrid,0.8,ece,0.24227250456371538,0.015159543518146494,0.2314280204163785,0.25311698871105226,10
GoEmotions,Emoopt-13b,hybrid,0.9,ece,0.34578193585122524,0.01459127644327804,0.3353439654803413,0.3562199062221092,10
GoEmotions,Emoopt-13b,mondrian,0.1,ece,0.021871752502431164,0.00951365750153936,0.015066091907497206,0.02867741309736512,10
GoEmotions,Emoopt-13b,mondrian,0.2,ece,0.03523321492970246,0.016638045130069248,0.023331074443761757,0.04713535541564316,10
GoEmotions,Emoopt-13b,mondrian,0.3,ece,0.043319924695395765,0.018383290878896293,0.03016931061038484,0.056470538780406684,10
GoEmotions,Emoopt-13b,mondrian,0.4,ece,0.040919681604903245,0.017881006708895916,0.028128379969670714,0.053710983240135776,10
GoEmotions,Emoopt-13b,mondrian,0.5,ece,0.031523040330430796,0.011640358130437928,0.0231960297536445,0.03985005090721709,10
GoEmotions,Emoopt-13b,mondrian,0.6,ece,0.07336259831200284,0.014487122527534757,0.06299913516403159,0.08372606145997409,10
GoEmotions,Emoopt-13b,mondrian,0.7,ece,0.1464415830873496,0.017559762885692914,0.13388008543955143,0.1590030807351478,10
GoEmotions,Emoopt-13b,mondrian,0.8,ece,0.23409867801509576,0.019370001239902252,0.22024221385912898,0.24795514217106254,10
GoEmotions,Emoopt-13b,mondrian,0.9,ece,0.34490746335439326,0.014815842601986342,0.33430884803102606,0.35550607867776046,10
